first_name,last_name,middle_name,email,address,contact_number
Jeanie,Flude,Ogelsby,jogelsby0@netscape.com,13417 Garrison Way,5252793980
Zora,Ghilks,O'Kielt,zokielt1@dot.gov,8091 Evergreen Parkway,3734752140
Merla,Wain,Suddards,msuddards2@google.cn,718 Marcy Trail,3515219188
Florella,Rubberts,Jillings,fjillings3@fda.gov,63 Old Shore Way,8787037637
Woodrow,Ebdin,Brewitt,wbrewitt4@earthlink.net,82 Troy Lane,5858582443
Ange,O'Hearn,Jiruch,ajiruch5@topsy.com,95 Arrowood Crossing,7905238725
Lindy,Barthram,Gale,lgale6@liveinternet.ru,31783 Sycamore Trail,3794768434
Becca,Baldassi,Gooddy,bgooddy7@desdev.cn,24672 Blaine Road,3043841956
Dorrie,Tapley,Bygreaves,dbygreaves8@indiegogo.com,2 Glacier Hill Drive,0110087178
Amity,Tiley,Crufts,acrufts9@ft.com,8 Express Crossing,1773392166
Solly,Matantsev,Byfield,sbyfielda@wordpress.org,8719 Mallard Avenue,7208497095
Andra,Eccleshall,Coulson,acoulsonb@cdc.gov,2 Eagan Alley,9947482014
Drugi,Mapother,Coaker,dcoakerc@unesco.org,6312 Toban Center,2637255730
Sammy,Bovey,Mayou,smayoud@sfgate.com,88197 Cottonwood Court,4497175839
Durward,Portlock,Wingrove,dwingrovee@clickbank.net,1015 Messerschmidt Center,6274684182
Reeva,Sedgebeer,Blondin,rblondinf@senate.gov,4 Graceland Alley,1578055660
Darleen,Agerskow,Marxsen,dmarxseng@unesco.org,74142 Hoard Way,0664901743
Phillie,Henstridge,Zuanelli,pzuanellih@cbsnews.com,4424 Rigney Park,8471904160
Felicio,Reith,Twiddell,ftwiddelli@jigsy.com,554 Columbus Lane,9732567627
Agnesse,Roper,Pache,apachej@ezinearticles.com,5 Mandrake Hill,3448491578
Elka,Marikhin,Durn,edurnk@gmpg.org,01 Grover Circle,3192389982
Margaretta,Durant,Macklin,mmacklinl@wufoo.com,7068 Boyd Parkway,7085151730
Louis,MacNucator,Snap,lsnapm@omniture.com,6670 Crescent Oaks Lane,5584463833
Kingston,Luard,Kleeborn,kkleebornn@devhub.com,83 Londonderry Center,7634061549
Llewellyn,Pigot,Gatecliff,lgatecliffo@imdb.com,20 Cherokee Road,5018880244
Dorette,Ikringill,Lebel,dlebelp@themeforest.net,8 Lindbergh Park,3363466781
Lil,Pilmer,Pettegre,lpettegreq@photobucket.com,10 Comanche Plaza,7728320998
Bettine,Fake,Blumsom,bblumsomr@netlog.com,35 Spenser Street,0989045471
Allen,Damp,Heaton,aheatons@spiegel.de,97 Valley Edge Pass,9240932909
Noel,Ubsdell,Blackway,nblackwayt@flavors.me,9077 Arizona Way,6539622317
Tommie,Lesser,Olsson,tolssonu@pcworld.com,9174 Stuart Lane,6818935486
Ilaire,Rollinson,Feaver,ifeaverv@ucoz.ru,59 Bowman Plaza,9712468852
Emmalee,Bestiman,Wharby,ewharbyw@jimdo.com,4267 Rigney Trail,0545964008
Milicent,Caddell,Challoner,mchallonerx@ft.com,5 Delladonna Plaza,6434136307
Raffarty,Maruska,MacAllan,rmacallany@wufoo.com,05 Talisman Street,1883148855
Gordie,Cushion,Jirzik,gjirzikz@skype.com,46 Pennsylvania Trail,7646139548
Helli,Clementson,Gallehawk,hgallehawk10@bloomberg.com,20 Darwin Alley,6485509089
Cherianne,Cuming,Danhel,cdanhel11@bandcamp.com,51 Mendota Court,4624909402
Elladine,Martellini,Spens,espens12@posterous.com,2 Nelson Circle,5324623873
Beulah,Sidery,Braisher,bbraisher13@slate.com,20 Browning Drive,9925059836
Frederich,Dahmke,Zanioletti,fzanioletti14@acquirethisname.com,999 West Drive,5038708439
Michaelina,Perillio,Devigne,mdevigne15@google.fr,47 Scott Lane,6158735787
Cassy,Attryde,Treece,ctreece16@msu.edu,83 Bashford Court,4694055313
Ronnica,Bellchamber,Bartholat,rbartholat17@sourceforge.net,6558 Dexter Hill,9181900775
Demeter,Marcum,Stapford,dstapford18@google.cn,22713 Katie Center,5557057161
Hoebart,Vakhonin,Pinard,hpinard19@stumbleupon.com,367 Victoria Trail,0632794739
Leonora,Adriaens,Hearnaman,lhearnaman1a@friendfeed.com,09668 Schmedeman Park,0256992711
Major,Penhaligon,Bussens,mbussens1b@theguardian.com,86 Buell Park,2201646767
Nero,Gogin,Glazzard,nglazzard1c@lulu.com,43 Katie Hill,7148501334
Atalanta,Klosterman,Rigmond,arigmond1d@lulu.com,99420 Bobwhite Parkway,9211892511
Madison,Domenichelli,Ivetts,mivetts1e@ifeng.com,19022 Badeau Terrace,1657737306
Van,Nare,Spataro,vspataro1f@moonfruit.com,029 Upham Hill,5400633463
Ammamaria,Stockney,Wythe,awythe1g@surveymonkey.com,7 Hintze Point,2930467967
Hubert,Westmoreland,St. Leger,hstleger1h@marriott.com,6153 Pearson Hill,0225817160
Drusilla,Grigoli,Bridgett,dbridgett1i@time.com,8912 Meadow Ridge Drive,2610161794
Brewer,Wynch,Colthurst,bcolthurst1j@google.cn,29 Hoard Plaza,9613685154
Zea,Buckett,Belward,zbelward1k@com.com,718 Clyde Gallagher Drive,3103163630
Chico,Collinette,Clementel,cclementel1l@omniture.com,56436 Fordem Parkway,4279429669
Stefano,Terren,Werrilow,swerrilow1m@blogtalkradio.com,874 Farmco Point,7072655646
Pasquale,Norgan,Wrack,pwrack1n@google.fr,985 Erie Parkway,0104246685
Fae,Peckham,Bennoe,fbennoe1o@va.gov,6313 Mockingbird Circle,7003189542
Fredra,Starford,Topper,ftopper1p@acquirethisname.com,3405 Alpine Drive,2746220423
Colin,Romain,Renzo,crenzo1q@paypal.com,9499 Packers Pass,1282315838
Kathye,Stroder,Limbert,klimbert1r@blinklist.com,3 Texas Junction,6861919977
Amandy,Simanenko,Luxen,aluxen1s@storify.com,88886 Division Road,2017326542
Brandon,Spottiswood,Lewens,blewens1t@altervista.org,03 Oneill Way,9716481527
Baird,Kop,Kalker,bkalker1u@tuttocitta.it,71520 Hintze Crossing,5979221026
Allistir,Sibray,Perford,aperford1v@e-recht24.de,33824 Pankratz Hill,7752927228
Earvin,Clapton,Woolsey,ewoolsey1w@joomla.org,6414 Westport Hill,6753817980
Odetta,Ackland,Gooly,ogooly1x@tinyurl.com,80010 Rutledge Center,4674876915
Welbie,Radband,Barnardo,wbarnardo1y@behance.net,590 Johnson Avenue,5528621623
Gilles,Ghirigori,Johananoff,gjohananoff1z@columbia.edu,17366 Marcy Plaza,3322013499
Claudius,Antonin,Haythorn,chaythorn20@usgs.gov,756 Trailsway Street,8906153244
Adorne,Goodman,Juszczak,ajuszczak21@dmoz.org,34897 Maple Street,6334483781
Sharon,Baines,Szymon,sszymon22@netscape.com,159 Johnson Trail,7117834781
Bobby,Raden,Innman,binnman23@shop-pro.jp,4 Dennis Alley,9065832955
Lane,Kelner,Dwerryhouse,ldwerryhouse24@paypal.com,0261 Gale Junction,7661117932
Austin,Guerin,Arthur,aarthur25@mail.ru,15 Bobwhite Way,9420691616
Morena,Python,Merrgan,mmerrgan26@digg.com,24 Mariners Cove Parkway,5039307314
Ora,Moggie,Bengal,obengal27@sphinn.com,672 Homewood Road,1396421734
Gwyneth,Feehily,Lemmertz,glemmertz28@yandex.ru,27 Veith Hill,2363647378
Rozanna,Brunetti,Boxer,rboxer29@oracle.com,3192 Raven Drive,3365745432
Bette-ann,Jaan,Gillow,bgillow2a@ovh.net,9526 Sullivan Way,6586819075
Cristie,Lusty,Schoenrock,cschoenrock2b@wired.com,47695 Quincy Alley,5327263762
Madelin,Batkin,Hartigan,mhartigan2c@xinhuanet.com,377 Dottie Park,7632850767
Caroljean,Riall,Fison,cfison2d@furl.net,14 Troy Road,9722686445
Leeland,Grzegorczyk,Nutkins,lnutkins2e@facebook.com,93374 Mockingbird Park,7211386053
Myer,Dimeloe,Doonican,mdoonican2f@is.gd,257 Anniversary Drive,8775114836
Laurice,Smalls,Swede,lswede2g@scientificamerican.com,726 Mitchell Way,3829957114
Putnam,Eddins,Marcq,pmarcq2h@dailymotion.com,24163 Di Loreto Court,7133735490
Sheffie,Dedham,Letterick,sletterick2i@ucsd.edu,60105 Steensland Drive,2537256069
Oralee,Manderson,Lundbech,olundbech2j@globo.com,7572 Rowland Circle,4624916549
Avram,Flatte,Bilton,abilton2k@bigcartel.com,9337 Stuart Avenue,1731001703
Datha,Brise,Yerson,dyerson2l@comcast.net,49 Basil Hill,1350129615
Marcus,Moseby,Cattanach,mcattanach2m@tinypic.com,5 Grasskamp Hill,2575776392
Giraud,Seaton,Millichap,gmillichap2n@shop-pro.jp,9730 Luster Terrace,2382449225
Elene,Brennon,Liddle,eliddle2o@dailymail.co.uk,75799 Bowman Street,6784271858
Roanne,Wyness,Burghill,rburghill2p@lycos.com,0634 Walton Hill,5356635095
Rhody,Howe,Oldknow,roldknow2q@gizmodo.com,17319 Loomis Pass,2617669475
Brice,Mackerel,Northeast,bnortheast2r@utexas.edu,12330 Eastlawn Junction,4907407467
Gussy,Brimmacombe,Raubenheimers,graubenheimers2s@issuu.com,2620 Weeping Birch Hill,3361633435
Everett,Osbourn,D' Angelo,edangelo2t@sitemeter.com,9 Novick Plaza,6663525549
Damien,Melly,Simounet,dsimounet2u@ft.com,20647 Stephen Center,4417387311
Sydelle,Peacock,Iacopo,siacopo2v@vistaprint.com,51334 Karstens Center,0008018367
Marilee,Wynett,Goseling,mgoseling2w@statcounter.com,4243 Forest Way,1390406210
Orelie,Asel,Benoix,obenoix2x@globo.com,3 Elka Plaza,1262916526
Kenneth,Charlet,Sandercock,ksandercock2y@howstuffworks.com,0289 Lien Junction,6996537185
Rusty,Kennon,Philippard,rphilippard2z@github.com,5 Bowman Terrace,5666923919
Raoul,Hawtin,MacMichael,rmacmichael30@odnoklassniki.ru,7409 Ramsey Lane,4273724014
Andrei,Defty,Rollitt,arollitt31@baidu.com,05 Green Center,6383403079
Clarissa,Ghiron,Skippen,cskippen32@squarespace.com,75 Kipling Hill,9620252780
Schuyler,Vivien,Blindt,sblindt33@upenn.edu,92 Mcguire Pass,5827882747
Floria,Steeples,McLevie,fmclevie34@huffingtonpost.com,1057 Sloan Crossing,6117615981
Lorant,Sharville,Jouning,ljouning35@cbsnews.com,91 Schiller Alley,5315567311
Conroy,Glennard,Rizzone,crizzone36@dailymail.co.uk,25 Ludington Circle,0347492290
Nanice,Theobold,Fassam,nfassam37@scientificamerican.com,09399 Maple Wood Point,1867967456
Lorinda,St Ange,Gaddesby,lgaddesby38@addthis.com,57696 Stang Plaza,1290276714
Caron,Dzeniskevich,Peacocke,cpeacocke39@ed.gov,53 Anniversary Way,5183425981
Carling,Watling,Martinet,cmartinet3a@digg.com,77671 Leroy Place,6335261006
Bethina,Aggis,Rubinlicht,brubinlicht3b@mayoclinic.com,35 Graceland Lane,7780175995
Madeline,Pott,Philippon,mphilippon3c@house.gov,0 Hanson Trail,1208146440
Dareen,Trematick,Scading,dscading3d@cdc.gov,77303 Packers Hill,8094692634
Hannah,Hefferon,Waterfield,hwaterfield3e@europa.eu,37 Barby Alley,2464683310
Cyrill,Mapham,Cicconetti,ccicconetti3f@clickbank.net,27 Lunder Terrace,1869519396
Harlie,Quest,Cawsey,hcawsey3g@auda.org.au,542 Banding Court,2482751195
Dyann,Heggman,Lacroutz,dlacroutz3h@github.io,61881 Westerfield Circle,7285273406
Gale,Bissett,Munnis,gmunnis3i@studiopress.com,5 Pepper Wood Road,1510227008
Perry,Persence,Dreus,pdreus3j@indiegogo.com,5 Independence Avenue,1850878757
Viki,Matusson,Morgan,vmorgan3k@spotify.com,8952 Melby Street,5881663004
Julianna,Maraga,Hinchshaw,jhinchshaw3l@angelfire.com,3 Corscot Way,4961218901
Theodore,Swiffen,Sibbs,tsibbs3m@ibm.com,98314 Northridge Way,7072724265
Yul,Harrisson,Baddam,ybaddam3n@abc.net.au,022 Montana Trail,8388504495
Nicole,Valentine,Witter,nwitter3o@angelfire.com,31 Amoth Alley,7405869629
Kinnie,Franc,Craisford,kcraisford3p@sun.com,07 Dayton Pass,5882465389
Florian,Skews,Gjerde,fgjerde3q@delicious.com,88407 Center Street,0271351470
Fay,Szymon,Stockdale,fstockdale3r@moonfruit.com,893 Manitowish Court,5146866430
Zonnya,Trousdell,Quirke,zquirke3s@economist.com,1 Scofield Pass,0052109283
Magdalena,Sarginson,Simeoli,msimeoli3t@microsoft.com,58814 Myrtle Hill,0252654285
Fayette,Rudolph,Beacroft,fbeacroft3u@arizona.edu,1 Bartelt Junction,4383314015
Winona,Lauderdale,Rettie,wrettie3v@oracle.com,553 7th Terrace,5700140276
Aeriel,Mullin,Boorn,aboorn3w@alexa.com,1 Straubel Hill,1152331183
Albertine,Simone,McFie,amcfie3x@clickbank.net,576 Crowley Street,4781050123
Esme,Davidy,Justham,ejustham3y@house.gov,33444 Banding Place,3064657402
Alistair,Robiou,Silliman,asilliman3z@google.ca,3001 Clove Terrace,6386488792
Drusilla,Finnigan,Foat,dfoat40@usgs.gov,7 Sutteridge Court,4493090375
Gizela,Willmont,Himsworth,ghimsworth41@jalbum.net,965 Alpine Pass,6597020057
Gilli,Baradel,Lapping,glapping42@utexas.edu,7 Katie Point,0258265736
Marianne,Lamplough,Hobgen,mhobgen43@plala.or.jp,84708 Straubel Pass,1937009858
Purcell,Gallyon,Elacoate,pelacoate44@hc360.com,1 Dottie Way,5946685384
Ora,Pearcy,Mateja,omateja45@salon.com,1 Cambridge Lane,8514896296
Babette,Whittingham,Jeavons,bjeavons46@toplist.cz,5 Karstens Lane,7803225888
Blondelle,Sannes,Warne,bwarne47@creativecommons.org,881 Northport Road,5023807711
Maddie,Fay,Arsmith,marsmith48@engadget.com,90 Karstens Circle,8135906382
Kristofor,Carine,Myrie,kmyrie49@moonfruit.com,2 Holy Cross Junction,2300879921
Art,Alleway,Canto,acanto4a@google.co.jp,1586 Kipling Pass,8949005352
Linus,Coughtrey,Brunesco,lbrunesco4b@ihg.com,06953 Mccormick Crossing,6430028119
Kerri,Bounds,Maidlow,kmaidlow4c@independent.co.uk,78344 Chinook Hill,1752246306
Stephanie,Chong,Kenworthey,skenworthey4d@ihg.com,214 Dayton Court,7294729387
Skylar,Warren,Lehr,slehr4e@google.nl,08497 Barby Crossing,2548681750
Matthus,Jell,Stoodale,mstoodale4f@constantcontact.com,0 Sachs Crossing,4057858733
Lovell,Crossdale,Playfoot,lplayfoot4g@wufoo.com,1 Golf View Avenue,0670080624
Letti,Elsay,Di Antonio,ldiantonio4h@guardian.co.uk,6 International Drive,7477245397
Rakel,Hembry,Kolyagin,rkolyagin4i@dailymail.co.uk,72146 Schlimgen Alley,8905970907
Cosimo,Mebes,Hudghton,chudghton4j@psu.edu,0490 Corry Circle,7038634887
Byron,Bowskill,Aleveque,baleveque4k@desdev.cn,9687 Manitowish Plaza,2606357248
Evanne,Kearns,Wickie,ewickie4l@wunderground.com,55 Trailsway Hill,8659996518
Antonina,De Cristoforo,Hugli,ahugli4m@phoca.cz,48656 Di Loreto Pass,7380672630
Ofilia,Flindall,Agutter,oagutter4n@printfriendly.com,175 Hoepker Drive,7056743102
Tamas,Wassung,Maylour,tmaylour4o@youku.com,9 Summit Road,0117134139
Shadow,Brentnall,Posnette,sposnette4p@aboutads.info,76574 Ludington Center,5081356123
Lynette,Charnick,Perle,lperle4q@comsenz.com,98 Fordem Circle,1557303185
Gillian,Eastway,Rozycki,grozycki4r@epa.gov,8107 Kedzie Road,6780042668
Sheridan,Klug,Longfield,slongfield4s@europa.eu,8 Arizona Street,5763434463
Tommy,Wickwarth,Schmuhl,tschmuhl4t@eepurl.com,62988 Bartelt Hill,2120468605
Bruno,Foat,Yushkin,byushkin4u@seesaa.net,40 Hoepker Drive,9629130793
Gusta,Zack,Audrey,gaudrey4v@wix.com,2914 Del Mar Alley,3052150723
Franciska,Rubenov,Casely,fcasely4w@dailymotion.com,9794 Oneill Pass,0874832160
Janna,Somerville,Buckthorpe,jbuckthorpe4x@gmpg.org,0183 Ludington Way,9530873956
Waylin,Kilgallon,Overpool,woverpool4y@bravesites.com,32 Mockingbird Pass,4247895052
Myrilla,Pyburn,Leyfield,mleyfield4z@purevolume.com,71297 Porter Parkway,4485383016
Joceline,Harnell,Erangy,jerangy50@reddit.com,75999 Scott Crossing,7049672912
Bria,Estevez,Story,bstory51@mysql.com,178 Namekagon Pass,5198196533
Pacorro,Renne,Elderton,pelderton52@studiopress.com,2 Shopko Avenue,2378935307
Patricio,Gavey,Kurt,pkurt53@live.com,172 Vahlen Pass,2474240071
Aguistin,Bampkin,Langman,alangman54@dagondesign.com,7524 Clove Road,0575756705
Barrett,Adrien,Couchman,bcouchman55@hhs.gov,89668 Gerald Court,6331775153
Gena,Elphey,Gress,ggress56@google.fr,9181 Dovetail Terrace,3139315910
Brnaba,Evamy,Guidera,bguidera57@vk.com,5288 Stephen Way,6913694210
Halley,Rayner,Kybert,hkybert58@trellian.com,34 Pine View Avenue,1327758911
Nani,O'Shields,Olliver,nolliver59@prweb.com,21 Colorado Plaza,6015018690
Cord,Troy,Rawcliffe,crawcliffe5a@amazonaws.com,96 Shopko Parkway,2091132179
Antonius,Sunter,Learoid,alearoid5b@cnn.com,1 Wayridge Alley,6986339127
Roberta,Poytres,McClurg,rmcclurg5c@live.com,2210 New Castle Hill,8625714390
Richmound,Divall,Stormouth,rstormouth5d@stanford.edu,879 Colorado Pass,5849290648
Emilie,Haruard,Prestwich,eprestwich5e@china.com.cn,3116 Menomonie Trail,2588794866
Zebedee,Caudray,MacIan,zmacian5f@fc2.com,68 Spaight Junction,2113822571
Kerry,Scamwell,Rickwood,krickwood5g@soup.io,3283 Stang Junction,9913511860
Leon,Klimp,Crinage,lcrinage5h@deliciousdays.com,77953 Russell Crossing,0009047646
Teodoor,Danielski,Goodale,tgoodale5i@meetup.com,2 Lindbergh Drive,7481762015
Annissa,MacKessock,Mellon,amellon5j@imdb.com,55 Luster Place,4322351719
Budd,Balsdon,De Mico,bdemico5k@wp.com,34 Luster Hill,0811412113
Bevin,Sayse,Altree,baltree5l@state.tx.us,4068 Blue Bill Park Place,9452976764
Sylvan,Paffett,Viegas,sviegas5m@prweb.com,45 Melrose Trail,0166897078
Eadmund,Sabey,Luigi,eluigi5n@hao123.com,04 Lotheville Trail,7103212759
Winna,Minithorpe,Dengate,wdengate5o@joomla.org,28 Lakewood Hill,2665045273
Jarvis,Penniell,Pummery,jpummery5p@unicef.org,0486 Main Alley,5620797643
Ringo,Rothchild,Matissoff,rmatissoff5q@amazon.co.jp,86459 Warbler Lane,8166031248
Kristo,Harrap,Burdell,kburdell5r@blog.com,36199 Loftsgordon Street,6503913184
Colleen,Gallear,Grewer,cgrewer5s@cdbaby.com,3890 Waywood Alley,3450964313
Yolande,Coltman,Brickner,ybrickner5t@unicef.org,2 Hazelcrest Place,0768546621
Isidore,Vettore,Milburn,imilburn5u@shop-pro.jp,4148 Shopko Junction,1027110738
Desiree,Peaseman,Fury,dfury5v@java.com,3403 Schmedeman Street,3325401597
Olenolin,Treven,Hansberry,ohansberry5w@sphinn.com,3740 Hovde Circle,3288304627
Madelyn,Stoven,Carden,mcarden5x@miibeian.gov.cn,62271 Hooker Pass,3995727158
Lorne,Masterson,Clementucci,lclementucci5y@bbc.co.uk,11 Hooker Street,9620468031
Meredith,Goss,Rawcliffe,mrawcliffe5z@usnews.com,4 Clemons Terrace,7913902280
Kariotta,Kornousek,Schutt,kschutt60@smugmug.com,0 Milwaukee Avenue,1231385650
Simon,Feakins,Sandilands,ssandilands61@npr.org,3 Forest Run Alley,5252759812
Della,Saines,Huckin,dhuckin62@apache.org,9375 Paget Lane,3125652952
Loralee,Belderfield,Bayston,lbayston63@answers.com,1 Corben Avenue,4274994406
Sigismund,Cissen,O'Sharkey,sosharkey64@ovh.net,12786 Bowman Court,4904897420
Whittaker,Ranklin,Mc Coughan,wmccoughan65@purevolume.com,9717 Hansons Way,4570821219
Ollie,Scrine,Moreno,omoreno66@cbslocal.com,097 Lake View Parkway,9841509237
Ambrosius,Allnatt,Grigoli,agrigoli67@businessinsider.com,76 Becker Center,1203527209
Nappy,Glazier,Antic,nantic68@elegantthemes.com,73076 Mayer Lane,2002909792
Eadith,O'Cahill,Pluthero,epluthero69@wikia.com,53926 Rusk Street,3611883956
Alejandro,Amberson,Driutti,adriutti6a@meetup.com,098 Stuart Hill,9583373117
Toni,Pinck,Goldine,tgoldine6b@digg.com,19870 Bartelt Hill,0210332611
Ailey,Large,Tomanek,atomanek6c@msu.edu,5 Paget Park,2193202885
Farrell,Banyard,Cockle,fcockle6d@ox.ac.uk,5148 Becker Place,4768173829
Bobette,Liddell,Darnell,bdarnell6e@com.com,1438 Kings Hill,0576724610
Filip,Condon,Dahlman,fdahlman6f@youtube.com,02 Atwood Junction,3846648663
Kristan,Bentz,Nise,knise6g@liveinternet.ru,687 Arkansas Hill,4810246906
Nana,Blemings,Bellon,nbellon6h@ocn.ne.jp,329 Mitchell Street,7607213058
Clarinda,Knoller,McCullouch,cmccullouch6i@cornell.edu,80960 Mcbride Crossing,7221144036
Belle,Rolf,Scutcheon,bscutcheon6j@rakuten.co.jp,84405 Claremont Park,0925212377
Gannie,Puddicombe,Fomichyov,gfomichyov6k@dion.ne.jp,3 Nancy Junction,9209217799
Vergil,Zimek,Eate,veate6l@zimbio.com,93193 Glendale Park,0199026319
Heddi,Swash,Jira,hjira6m@surveymonkey.com,46 International Crossing,3961377278
Crin,Maase,Grocott,cgrocott6n@washingtonpost.com,45696 Darwin Parkway,3422150854
Minette,D'Onise,Jagg,mjagg6o@hc360.com,8 Longview Court,6981533812
Richart,Marjanski,Clace,rclace6p@exblog.jp,6 Cherokee Park,5146869952
Akim,Fittis,Feek,afeek6q@ibm.com,05 Basil Alley,1549410229
Adele,Tytterton,Lorriman,alorriman6r@un.org,474 Washington Plaza,7908284949
Beret,Ozanne,Gaythwaite,bgaythwaite6s@chicagotribune.com,3 Dovetail Drive,5162644455
Morgan,Carter,Hansell,mhansell6t@cbc.ca,9 Pawling Lane,7874013395
Lenka,Nazair,Sammes,lsammes6u@behance.net,326 Onsgard Lane,5022734559
Cassandra,Childerhouse,Romagnosi,cromagnosi6v@alibaba.com,38645 Hagan Hill,2581506040
Marshal,Wilkie,Ferebee,mferebee6w@shareasale.com,0 Lake View Lane,1740311809
Sofia,Cholonin,Edwicke,sedwicke6x@typepad.com,05 Myrtle Terrace,6464690892
Aubrie,Vicent,Neno,aneno6y@wufoo.com,1082 Veith Court,1209512556
Ethelred,Happert,Dodwell,edodwell6z@salon.com,3349 Mallory Pass,0131962604
Tam,Fardo,Gowanson,tgowanson70@hhs.gov,95715 Farragut Court,4560121516
Martguerita,Guinn,Drewett,mdrewett71@columbia.edu,86522 Anhalt Park,8259999307
Maxy,Fruen,Mc Menamin,mmcmenamin72@hatena.ne.jp,4070 Westerfield Point,1520171676
Amity,Matchitt,Karlolczak,akarlolczak73@cdbaby.com,21427 Gateway Court,7406266154
Tiphanie,Sikorski,Yallop,tyallop74@w3.org,6 Dottie Parkway,7484939447
Dud,Chapleo,Jarman,djarman75@odnoklassniki.ru,832 Bartelt Alley,1978701187
Junina,Delion,Healings,jhealings76@blog.com,7 Clarendon Circle,6143292183
Garrek,Okenfold,Mart,gmart77@who.int,81 Carey Crossing,2556575050
Anny,Tomalin,Grabbam,agrabbam78@imgur.com,0496 Stone Corner Lane,0532357213
Amie,Clampe,Scurrey,ascurrey79@digg.com,1600 Shoshone Place,2306516014
Karlis,Lagneaux,Noyes,knoyes7a@unblog.fr,0 Fieldstone Hill,2639525212
Letty,Lambarton,Scardifield,lscardifield7b@sina.com.cn,00360 Burning Wood Hill,0016831691
Caritta,Ziemens,Schwander,cschwander7c@behance.net,07 Tennyson Lane,7882901415
Richart,Thoma,Treasure,rtreasure7d@reverbnation.com,16393 Cottonwood Drive,0572469802
Ambur,Kruschov,Borrell,aborrell7e@elpais.com,953 Gateway Court,4017624596
Madelle,Cowen,Purrington,mpurrington7f@paginegialle.it,446 Arrowood Junction,7235741201
Vanda,Rousel,Norvel,vnorvel7g@cdc.gov,55870 Dakota Court,7655569037
Dyanne,Swarbrick,Bayne,dbayne7h@dion.ne.jp,01 Kings Terrace,7662629228
Ingar,Vagges,Reveley,ireveley7i@desdev.cn,4663 Sage Trail,5949674820
Gualterio,Leatherbarrow,Brewin,gbrewin7j@prnewswire.com,3 Jay Road,7381301199
Stacee,Sayles,Pirozzi,spirozzi7k@icio.us,27583 Iowa Parkway,2354764871
Neal,Hanscombe,Barltrop,nbarltrop7l@spiegel.de,10 Pawling Hill,9861255753
Ginnie,Sharma,Snozzwell,gsnozzwell7m@merriam-webster.com,446 Mitchell Circle,0042208335
Horten,Chaffin,Broadway,hbroadway7n@liveinternet.ru,971 Northridge Junction,1478993650
Drucill,Preddy,Jannaway,djannaway7o@blogger.com,29 Jenifer Street,6702528590
Hermie,Posthill,Kinglake,hkinglake7p@gnu.org,9766 Autumn Leaf Drive,7458170190
Amandi,Burborough,Mulcaster,amulcaster7q@timesonline.co.uk,31 Michigan Court,4984433124
Kittie,Terren,Gall,kgall7r@w3.org,673 Butterfield Plaza,5620496201
Aura,Hysom,Vassbender,avassbender7s@google.com.hk,2 Walton Street,7096309128
Blithe,MacDuffie,D'Aguanno,bdaguanno7t@admin.ch,15 Truax Avenue,0154513768
Scarlett,Spring,Benesevich,sbenesevich7u@elpais.com,02 Raven Hill,6013394806
Shamus,Wigelsworth,Anderbrugge,sanderbrugge7v@scientificamerican.com,4284 Westport Terrace,5783530301
Gerald,Sponder,Le Strange,glestrange7w@alexa.com,24736 Sage Trail,5577833930
Sioux,Corselles,Penwell,spenwell7x@live.com,33 Karstens Park,4051203042
Price,Usher,Pickersgill,ppickersgill7y@i2i.jp,956 Old Shore Park,7381555557
Tarra,Badsworth,Caroll,tcaroll7z@cnet.com,49 Myrtle Drive,4565415747
Conn,Sapsforde,Carnaman,ccarnaman80@is.gd,648 Moose Circle,9802001864
Noach,Strippling,Elsdon,nelsdon81@scientificamerican.com,162 Beilfuss Trail,9993560189
Fonzie,Apfelmann,Gorgl,fgorgl82@addthis.com,224 Oak Park,0784559740
Ulick,Malins,Furney,ufurney83@lycos.com,0 Meadow Valley Alley,7152948895
Robinetta,Whitecross,Mussard,rmussard84@sakura.ne.jp,7726 Forest Run Plaza,0847731839
Cathy,Filoniere,Stammler,cstammler85@patch.com,48 Valley Edge Park,5793036008
Roselin,Blaszczyk,O'Heaney,roheaney86@rakuten.co.jp,40 Menomonie Road,2405680629
Tomaso,Deacock,McPolin,tmcpolin87@stumbleupon.com,08895 Mcguire Court,5314713691
Darbee,Linkie,Kleeborn,dkleeborn88@oracle.com,2 Blackbird Point,6733874741
Gabriellia,Huygen,Ewart,gewart89@diigo.com,933 Helena Pass,6638174630
Brander,Spieght,Videler,bvideler8a@cnn.com,811 Grover Road,9830720314
Avictor,Menear,Hemphill,ahemphill8b@illinois.edu,39578 Fremont Drive,5750225003
Decca,Reinhard,Pirolini,dpirolini8c@jigsy.com,7 Sheridan Center,4654300635
Graig,Balas,Duxbarry,gduxbarry8d@dion.ne.jp,9 Spohn Junction,9769109096
Henderson,Brosi,Mcsarry,hmcsarry8e@nih.gov,6 Garrison Lane,1444942832
Lilyan,Elsmore,Ranken,lranken8f@zdnet.com,677 Westerfield Trail,2813482188
Darin,Drewe,Grayne,dgrayne8g@businesswire.com,000 Stephen Court,2364182492
Katy,Boag,Greggersen,kgreggersen8h@cmu.edu,985 Rockefeller Avenue,7192489131
Rafaela,Dodell,Goss,rgoss8i@intel.com,57359 Old Gate Terrace,9345280227
Mellie,Blaxall,Tremlett,mtremlett8j@so-net.ne.jp,942 School Avenue,6778455098
Morissa,Huge,Jellicorse,mjellicorse8k@cloudflare.com,20149 Spenser Plaza,8369992951
Matthus,Moneti,Tumasian,mtumasian8l@google.com,3 Ramsey Park,8573530065
Brittni,Guinnane,Gosling,bgosling8m@odnoklassniki.ru,78650 Schmedeman Way,1041066937
Doe,Cains,Wiggin,dwiggin8n@dot.gov,39 Scofield Circle,1374550698
Wilie,Yewdale,Dunderdale,wdunderdale8o@opensource.org,9798 David Place,6821569746
Waylin,Thexton,Hurleston,whurleston8p@phoca.cz,24 Columbus Way,0113409370
Jinny,Hallagan,Rolingson,jrolingson8q@samsung.com,4 Lakeland Terrace,0522580785
Cecile,Eshelby,Duesberry,cduesberry8r@washingtonpost.com,02358 Lillian Street,2823707166
Kriste,Poluzzi,Lawtey,klawtey8s@gizmodo.com,79461 Lakewood Gardens Circle,8411217973
Gae,Glandon,Hovington,ghovington8t@mapy.cz,0660 Helena Court,6800258466
Cordie,Lavallie,Campkin,ccampkin8u@hexun.com,501 Main Park,6706664693
Barron,Wagenen,Clowton,bclowton8v@histats.com,3718 Michigan Terrace,0476800072
Ketty,Beardsley,Cressor,kcressor8w@barnesandnoble.com,00 Boyd Street,7585334990
Dillon,Beange,Antalffy,dantalffy8x@shop-pro.jp,56584 Evergreen Street,3024057145
Peggi,Southcombe,Paintain,ppaintain8y@psu.edu,1995 Bluejay Plaza,0257057137
Amandy,Geer,MacNair,amacnair8z@tuttocitta.it,03 Lotheville Hill,8747614587
Myrle,Labbe,Coonan,mcoonan90@drupal.org,9 Truax Road,1282978004
Gerhardt,Vaskin,Dumbarton,gdumbarton91@feedburner.com,566 Crownhardt Pass,7613466442
Ethelind,Kinahan,Goodban,egoodban92@epa.gov,65 Northwestern Alley,8657807661
Brod,Gatteridge,Antoniat,bantoniat93@histats.com,88 Mesta Pass,4439899684
Seamus,Fulk,Cawthorn,scawthorn94@phoca.cz,4 Rutledge Court,8671634752
Yorke,Ferber,Lycett,ylycett95@bbc.co.uk,998 Lakewood Gardens Drive,3682376704
Les,Lait,Breffit,lbreffit96@elegantthemes.com,7777 Bultman Circle,9216195592
Jyoti,O'Doherty,Hubbold,jhubbold97@paypal.com,45115 Dunning Plaza,0074271970
Melly,Dockree,Herries,mherries98@unblog.fr,70361 Eastlawn Point,7726421037
Raddy,Huggon,Hullock,rhullock99@nasa.gov,1 Mccormick Place,9269091392
Melinda,Titman,Strain,mstrain9a@stanford.edu,163 Ridgeway Parkway,5505488838
Boyd,Tuther,Flaherty,bflaherty9b@gov.uk,74 Merry Place,7616558399
Wendy,Falla,Jauncey,wjauncey9c@godaddy.com,26 Sugar Junction,1778316980
Chrotoem,Cheke,Romayn,cromayn9d@msn.com,1633 Lake View Avenue,2530900027
Thorndike,Halden,Cape,tcape9e@aol.com,8517 Mariners Cove Avenue,3962340629
Mireielle,Levens,Dawtrey,mdawtrey9f@ucoz.ru,2665 Marcy Crossing,0859458342
Daveen,Kelmere,Paffot,dpaffot9g@toplist.cz,26 Cordelia Circle,0035446358
Giff,Garretts,Binny,gbinny9h@wp.com,88968 Melody Place,4784016317
Archambault,Brislane,Guisby,aguisby9i@constantcontact.com,70 Golf View Road,1774803801
Vyky,Reyne,Lourenco,vlourenco9j@photobucket.com,200 Northport Crossing,5348668656
Brandise,Cranmer,Heppner,bheppner9k@wsj.com,124 American Crossing,4161333021
Sashenka,Walewski,Stanlack,sstanlack9l@census.gov,69 Erie Trail,2107735662
Pieter,Jepperson,Jesty,pjesty9m@oaic.gov.au,047 Forster Circle,2633337678
Israel,Sidlow,Karlsson,ikarlsson9n@gmpg.org,66 5th Plaza,8314617784
Jorry,Klinck,Mincher,jmincher9o@phpbb.com,85 Knutson Circle,4610749122
Desi,Petti,Lamburne,dlamburne9p@booking.com,4 Starling Point,8518357640
Avivah,Schulken,McKean,amckean9q@noaa.gov,251 Mockingbird Avenue,6175748573
Nikki,Domino,Ronchetti,nronchetti9r@dagondesign.com,607 Mesta Street,8288577849
Ambur,Kenward,Miell,amiell9s@smh.com.au,541 Garrison Road,0506472620
Raquela,Petrillo,Burdess,rburdess9t@paginegialle.it,41 Blue Bill Park Point,5245496046
Estrellita,Ardron,Clarabut,eclarabut9u@quantcast.com,0 Jackson Parkway,1076124127
Sheeree,Bravery,Luxon,sluxon9v@ebay.com,0 Lunder Road,1843209195
Justinian,Longstreeth,Gietz,jgietz9w@bluehost.com,57106 Welch Terrace,9869980872
Bartholomeo,Dilland,Bockett,bbockett9x@rediff.com,9597 Green Ridge Trail,4980522335
Beauregard,Stileman,Lowdham,blowdham9y@tripadvisor.com,7 Bay Hill,0003862704
Normy,Maciejak,Acedo,nacedo9z@ihg.com,7 Crest Line Pass,3630829600
Cyrillus,Polak,Dailly,cdaillya0@google.com.br,69 Lakewood Gardens Way,6907992728
Sig,Eburne,Pettiford,spettiforda1@foxnews.com,14 Golden Leaf Alley,8080832722
Anstice,Whittier,Foulds,afouldsa2@wufoo.com,7134 Algoma Point,3262128287
Cassie,Obray,Ferrarini,cferrarinia3@hhs.gov,705 Hollow Ridge Junction,3482891532
Lorelle,des Remedios,Devinn,ldevinna4@wordpress.org,089 Sugar Center,9461666209
Roldan,Justice,Rugg,rrugga5@networksolutions.com,357 Bluejay Plaza,8435623319
Philly,Witts,Kimbrough,pkimbrougha6@ebay.co.uk,09 Chive Point,3260908900
Reggis,Dominik,Wetherald,rwetheralda7@wired.com,78706 Weeping Birch Center,7733649250
Rooney,Lipp,Ingman,ringmana8@columbia.edu,3 La Follette Drive,3921093597
Gilli,Rigden,Cantu,gcantua9@oracle.com,7217 Anzinger Pass,8970468188
Antons,Prine,Loughlin,aloughlinaa@wufoo.com,246 Corben Avenue,0019519117
Ingmar,Wiltsher,Greet,igreetab@mozilla.com,4062 Dawn Crossing,9695823270
Sherill,Gisburn,Hartshorn,shartshornac@elegantthemes.com,51 Everett Junction,5313019708
Verna,Plume,Helleker,vhellekerad@abc.net.au,92403 Redwing Court,3001233508
Dwight,Girton,Milsom,dmilsomae@spotify.com,3 Hayes Road,2596971593
Eduardo,Waszczykowski,D'Onisi,edonisiaf@squidoo.com,3 Texas Drive,8555895189
Thurstan,Simister,Berling,tberlingag@ihg.com,4341 Melody Street,7054028821
Johnathan,Puffett,Dubble,jdubbleah@home.pl,4 Fulton Park,1570988781
Chere,Grundell,Marzellano,cmarzellanoai@theguardian.com,6 Orin Alley,3998854851
Angele,Quimby,Blois,abloisaj@icq.com,5 Fisk Crossing,4286575853
Pierre,Tuffrey,Stovine,pstovineak@google.de,6 Shopko Pass,0917907469
Josh,Keays,O'Hollegan,joholleganal@photobucket.com,62 Meadow Ridge Plaza,9133982384
Drusilla,Ledeker,Withull,dwithullam@dmoz.org,524 Hooker Park,0113650841
Jimmy,Clapp,Twallin,jtwallinan@storify.com,30 Anzinger Drive,2340230489
Rainer,Ibbotson,Bach,rbachao@uol.com.br,932 Buell Place,5536852450
Hendrick,Lidster,Nerney,hnerneyap@tinypic.com,4 Monica Court,5775612477
Emera,Pesik,Weatherill,eweatherillaq@bizjournals.com,8 Fallview Trail,1404177361
Sybilla,Espadate,Regi,sregiar@liveinternet.ru,35625 Hoffman Hill,3476803422
Alley,Trenholme,Rawcliffe,arawcliffeas@chicagotribune.com,860 High Crossing Drive,1818979594
Marisa,Cathery,Hanford,mhanfordat@bbb.org,73389 Oakridge Way,3643239351
Tonnie,DelaField,Nealand,tnealandau@amazon.de,6 Talisman Plaza,2727176333
Torin,Keppel,Charlick,tcharlickav@github.io,5296 Esch Street,5530775969
Merrielle,Cupitt,McKie,mmckieaw@acquirethisname.com,15 Killdeer Trail,8677198822
Jedidiah,Madoc-Jones,Demcak,jdemcakax@nymag.com,4 Rigney Court,1872768229
Hercule,aManger,Helmke,hhelmkeay@histats.com,0964 Dapin Pass,7392789910
Edyth,Kilkenny,Barwick,ebarwickaz@mysql.com,71116 Pleasure Avenue,2278425501
Dania,Tribbeck,Langmuir,dlangmuirb0@engadget.com,3990 Oneill Crossing,4428154038
Arlin,Lenham,Di Matteo,adimatteob1@dailymotion.com,843 Algoma Point,2971921034
Emlyn,Paullin,Farnill,efarnillb2@cisco.com,44 Arizona Road,0980994543
Borden,Younghusband,Duckham,bduckhamb3@sun.com,95 Vernon Lane,3030636291
Alberto,Woodburne,Gorvin,agorvinb4@devhub.com,5918 Pennsylvania Court,3237205036
Moselle,Navarro,Saice,msaiceb5@icq.com,0413 Arapahoe Plaza,3691457320
Mel,Hayle,d'Arcy,mdarcyb6@t.co,7 Crescent Oaks Parkway,9598299651
Arni,Zoppie,Urvoy,aurvoyb7@mapquest.com,16 Dryden Place,5537117746
Rivi,Seydlitz,Kulvear,rkulvearb8@tripod.com,2 Bay Trail,8851005117
Martica,Neggrini,Canedo,mcanedob9@hexun.com,24 Dexter Hill,2892932114
Mirelle,Crilly,Gilcrist,mgilcristba@dmoz.org,192 Vidon Way,3342568402
Nicolina,Meins,Kleinhausen,nkleinhausenbb@amazon.de,60 Barnett Street,1772192694
Gussy,Tirte,Thaine,gthainebc@indiegogo.com,799 Lunder Crossing,1512444138
Shannon,Shottin,Crisell,scrisellbd@samsung.com,3316 Elgar Place,8883380142
Cyndie,Cust,Finlaison,cfinlaisonbe@discuz.net,35 Gerald Junction,3666950728
Grantley,Totterdill,Mandrake,gmandrakebf@bbb.org,838 Doe Crossing Hill,0882777327
Ida,Villiers,Macourek,imacourekbg@issuu.com,64788 Hanover Trail,1901416798
Liliane,Corby,Everton,levertonbh@homestead.com,67443 Dryden Hill,8038656814
Rikki,Ickovicz,Brosenius,rbroseniusbi@bbc.co.uk,7605 Columbus Street,0469573074
Diahann,Espinola,Broschek,dbroschekbj@wp.com,0661 Arkansas Trail,4810286193
Jacklyn,Work,Rushmere,jrushmerebk@google.ru,00356 Independence Road,5960615479
Gaye,Houltham,Ceaser,gceaserbl@pagesperso-orange.fr,6550 Mesta Drive,5231085782
Ellissa,Grisenthwaite,Letts,elettsbm@economist.com,54068 Roxbury Lane,6682837747
Lauritz,Saunter,Chittock,lchittockbn@google.nl,6690 Nevada Center,3367536954
Aymer,Sorey,Cabrales,acabralesbo@walmart.com,22787 Memorial Pass,4686061857
Ephraim,Heaslip,Truran,etruranbp@booking.com,0 American Ash Circle,6603858002
Daniele,Evert,Brayson,dbraysonbq@usgs.gov,813 Clove Hill,7618892806
Miles,Lelliott,O'Scully,moscullybr@symantec.com,63938 Quincy Drive,0052571459
Archer,Davitti,Monard,amonardbs@com.com,469 Fordem Crossing,0632732237
Maggi,Shill,Mainwaring,mmainwaringbt@imageshack.us,4 Declaration Place,1975499948
Wendie,Gosnall,Caffrey,wcaffreybu@sakura.ne.jp,1659 Fulton Way,6147092375
Karel,Gerardi,Chazelle,kchazellebv@usgs.gov,74 Clarendon Parkway,0092342922
Frederico,Gullen,Reiner,freinerbw@behance.net,22026 Annamark Road,5378009197
Kimmy,Sidaway,Haswell,khaswellbx@ameblo.jp,3 Memorial Alley,2045098222
Mignonne,Clarridge,Handyside,mhandysideby@about.me,267 Toban Terrace,4311441770
Gardner,Storrs,Dowd,gdowdbz@nhs.uk,030 Amoth Point,6742285494
Sherilyn,Petricek,De Ortega,sdeortegac0@independent.co.uk,557 Talmadge Parkway,7306624024
Allard,Georgievski,Filipson,afilipsonc1@sourceforge.net,5864 Esker Parkway,3654839851
Pepito,Avory,Arlidge,parlidgec2@squarespace.com,010 Forest Junction,7826509971
Gates,Bourges,Weagener,gweagenerc3@discovery.com,0301 Myrtle Lane,1788721195
Neilla,Elland,Riquet,nriquetc4@nydailynews.com,104 Golf Course Road,6071763444
Delores,McKue,Bedome,dbedomec5@studiopress.com,4283 Carberry Road,7565828203
Meris,Yushmanov,Jauncey,mjaunceyc6@apple.com,6167 Veith Trail,4590957035
Noelle,Rhodef,Dionisetti,ndionisettic7@icq.com,7977 Ohio Parkway,0781370698
Gertie,Berka,Ivancevic,givancevicc8@comsenz.com,32235 Dapin Center,7608559810
Dulcea,Troy,Pedrozzi,dpedrozzic9@dropbox.com,52866 Fairfield Plaza,5927100899
Brok,Nobles,O'Keefe,bokeefeca@example.com,759 Grayhawk Circle,1001958233
Gayel,Gerhartz,Dackombe,gdackombecb@hubpages.com,075 Arrowood Pass,4976472639
Corena,Oakenfull,Tolfrey,ctolfreycc@diigo.com,839 Ridgeway Way,8498502829
Kincaid,Slowey,Prichet,kprichetcd@dailymotion.com,2620 Mallory Pass,7047906231
Jemie,Sanbroke,Harmeston,jharmestonce@un.org,81 Messerschmidt Crossing,4824839866
Clementia,Byway,Gilpin,cgilpincf@ca.gov,79648 Scoville Crossing,9553956165
Karita,Rupke,Sennett,ksennettcg@yandex.ru,59 Sage Court,1791398405
Simmonds,Vallentin,Rozec,srozecch@cornell.edu,1 Ridge Oak Parkway,9241958812
Buckie,Stobbs,De Caroli,bdecarolici@webmd.com,1 Springs Street,5614615547
Jamal,Shirlaw,Ather,jathercj@cornell.edu,115 Bluejay Street,1541892518
Lizbeth,Cremins,Ellershaw,lellershawck@weebly.com,2941 Paget Plaza,0591599295
Bryn,Tant,Burril,bburrilcl@fda.gov,62576 Old Shore Street,9302439577
Laurella,Sandilands,D'Enrico,ldenricocm@digg.com,91 Harper Court,8423476367
Jeanna,Delacroix,Ridehalgh,jridehalghcn@go.com,2306 Del Sol Hill,8437622468
Niko,Green,Borham,nborhamco@si.edu,7424 Graedel Park,9604689614
Izabel,Stoter,Peet,ipeetcp@w3.org,46 Anniversary Way,7982353851
Natalee,Spon,Penhallurick,npenhallurickcq@cdc.gov,681 Quincy Circle,7465635551
Gradey,Purser,Dunnet,gdunnetcr@bbc.co.uk,19 Oneill Crossing,2299944087
Martainn,Durdan,Griswood,mgriswoodcs@bloglovin.com,99 Holy Cross Pass,1667581147
Willard,Leere,Forsbey,wforsbeyct@spotify.com,89 Hauk Point,3618224265
Tiena,Gerred,Prosser,tprossercu@nsw.gov.au,56361 Di Loreto Pass,8035088505
Allyson,Junkinson,McAllister,amcallistercv@slate.com,898 Lotheville Court,0891169520
Mendy,Giocannoni,Bernade,mbernadecw@comsenz.com,94 Canary Junction,9689257366
Prent,Killelay,Waldron,pwaldroncx@google.co.uk,8 Vera Trail,5535413011
Letitia,Wardrop,Dictus,ldictuscy@cocolog-nifty.com,65 Welch Parkway,3449136909
Hewe,Franklen,Teligin,hteligincz@youtube.com,22889 Granby Circle,0114637776
Shoshana,Gages,Maving,smavingd0@tinypic.com,625 Hollow Ridge Park,2169879277
Ainslie,Iltchev,MacCollom,amaccollomd1@phpbb.com,9 Farwell Drive,6556497444
Joyous,Gayler,Hampson,jhampsond2@fastcompany.com,56431 Haas Circle,5290529284
Britte,Marrian,Phillips,bphillipsd3@google.com.br,8 7th Avenue,7346205227
Elie,Nattrass,Pettican,epetticand4@mapquest.com,074 Bunker Hill Place,3411641991
Archie,Loveland,Olerenshaw,aolerenshawd5@homestead.com,628 Anhalt Drive,9094997622
Demetris,Davana,Muspratt,dmusprattd6@360.cn,71602 Stephen Junction,6329517045
Aili,Berford,Mosley,amosleyd7@gnu.org,21 Stoughton Court,1485785626
Guss,Forson,Vannet,gvannetd8@vimeo.com,5 Ronald Regan Lane,3948538409
Ben,Ilewicz,Collingworth,bcollingworthd9@pen.io,7 Barnett Court,0153892870
Chrissie,Roman,Pedlar,cpedlarda@patch.com,1 Miller Alley,5964235867
Mathian,Biddy,Simcoe,msimcoedb@wiley.com,244 Fairfield Court,3909291899
Honoria,Pavia,Harold,hharolddc@nytimes.com,14 Bluestem Alley,2208689313
Gayler,Heatley,Ivankov,givankovdd@illinois.edu,71023 Mockingbird Way,7153184139
Kean,Ruos,Basini-Gazzi,kbasinigazzide@wikimedia.org,4 Waxwing Lane,4225550656
Lorne,Bladesmith,Swayton,lswaytondf@mayoclinic.com,2935 Esker Hill,9433351983
Christyna,Rumbold,Gethouse,cgethousedg@biglobe.ne.jp,003 Bay Road,7085180188
Westbrooke,Meneux,Kasbye,wkasbyedh@ucoz.com,8 Donald Parkway,2543800476
Conrade,Brock,Nendick,cnendickdi@tumblr.com,09 Red Cloud Crossing,4159882447
Corabella,Sirett,Esome,cesomedj@etsy.com,50290 Annamark Street,7253491297
Mord,Stayt,Dodman,mdodmandk@sina.com.cn,33 Clarendon Park,1384508007
Avivah,Swancock,Paddeley,apaddeleydl@theglobeandmail.com,99 Clarendon Court,3745621468
Korney,Annandale,Kemmish,kkemmishdm@hibu.com,79 Packers Center,7715754951
Yalonda,Gosling,Hornung,yhornungdn@facebook.com,69593 Superior Road,1859281664
Shell,Poser,Portman,sportmando@wsj.com,82373 Canary Street,0290823188
Martynne,Bagley,Veness,mvenessdp@nydailynews.com,10 Westport Court,4311112041
Titos,Dykins,Laybourne,tlaybournedq@arstechnica.com,7 Arapahoe Trail,7637292789
Ardisj,Brumble,Leese,aleesedr@friendfeed.com,8622 Sugar Lane,2049029217
Adan,Waldie,Ashbridge,aashbridgeds@theatlantic.com,8 Roth Center,8705132738
Ondrea,Fiennes,Ghiriardelli,oghiriardellidt@google.com.hk,996 Thompson Road,3078719758
Dayna,Metschke,Juppe,djuppedu@furl.net,283 Hansons Center,1455632341
Stearn,Hanscome,Silwood,ssilwooddv@ycombinator.com,748 Superior Street,2939840822
Willdon,Fury,Haw,whawdw@twitter.com,583 Norway Maple Place,4226827880
Hussein,Lachaize,Ronchi,hronchidx@mapy.cz,7 Orin Point,9705993521
Pier,Augustine,Bremmell,pbremmelldy@vistaprint.com,0993 Judy Road,0824712692
Wilona,Rosthorn,Genders,wgendersdz@blogs.com,3 Bultman Junction,1766538754
Shep,Wyrill,Tufts,stuftse0@pinterest.com,5 Mcguire Junction,7914093572
Michaelina,Maggs,Sherrocks,msherrockse1@prweb.com,09269 Sachs Parkway,9419134768
Valera,Canadine,Abrahamowitcz,vabrahamowitcze2@wufoo.com,82118 Mifflin Lane,1248012895
Brodie,Wellfare,Donneely,bdonneelye3@diigo.com,5627 Dwight Crossing,6683048487
Nathaniel,Di Bernardo,Draisey,ndraiseye4@feedburner.com,376 Sunfield Hill,1187889113
Fulton,Fettes,Johl,fjohle5@npr.org,5664 Bobwhite Drive,3215455285
Dermot,Miles,Cordrey,dcordreye6@photobucket.com,755 Quincy Hill,0766936260
Kenn,Quartly,Kelbie,kkelbiee7@disqus.com,05 Hallows Center,1062967097
Nadiya,Oleksiak,Merricks,nmerrickse8@yelp.com,3058 Butterfield Pass,8459291197
Avrit,Leffek,Titterton,atittertone9@gmpg.org,8 Weeping Birch Park,8943828624
Meta,Doumerc,Dobsons,mdobsonsea@creativecommons.org,8496 Hallows Road,7435562300
Micheal,Adds,Mitie,mmitieeb@businessinsider.com,0 Main Park,8656447823
Karlotte,Metzke,Bartot,kbartotec@google.com.br,702 Crowley Lane,1217800948
Ludvig,Antoinet,Upcott,lupcotted@trellian.com,03712 Sunbrook Terrace,7988626469
Darius,Robertot,Rolfs,drolfsee@domainmarket.com,0 Sloan Trail,0472557769
Viola,Janczak,Fruchter,vfruchteref@amazon.co.jp,6 Hudson Avenue,9407468011
Lindon,Ilyas,Tucknutt,ltucknutteg@usatoday.com,10 Pleasure Drive,2327018757
Karin,Gilgryst,Barkway,kbarkwayeh@google.de,17865 Toban Junction,7816554478
Vergil,Blaise,Havers,vhaversei@techcrunch.com,82822 Swallow Way,5838556307
Tulley,Grabbam,Drabble,tdrabbleej@cloudflare.com,5388 Leroy Plaza,9236668070
Jandy,Morrison,McVanamy,jmcvanamyek@bing.com,1 Mariners Cove Court,1562491989
Rosalyn,Livingston,Haining,rhainingel@i2i.jp,399 Hansons Junction,0603722008
Jehanna,Jerdein,Side,jsideem@seesaa.net,32 Moose Avenue,2060779626
Heywood,Clayborn,Marrett,hmarretten@aol.com,7136 Sutteridge Street,9426169938
Ferne,Buckleigh,Falvey,ffalveyeo@wix.com,2 Cherokee Place,1279661445
Kasey,Dei,Simson,ksimsonep@nsw.gov.au,5351 Vermont Street,0053865936
Arvie,Dreschler,Rountree,arountreeeq@list-manage.com,10 Paget Road,7409346426
Lew,Kobiera,Jeffreys,ljeffreyser@newsvine.com,74328 Maywood Junction,9524695545
Vonnie,Gandey,Corwood,vcorwoodes@cdbaby.com,8 Gulseth Place,2767136243
Huey,Brunner,Ker,hkeret@youtube.com,9 Corben Trail,6415788515
Darcy,Sultana,Mussetti,dmussettieu@mit.edu,5477 Michigan Junction,4729789733
Ann,Lorentzen,Reasce,areasceev@deliciousdays.com,726 Loeprich Parkway,7397324371
Gill,Benterman,Momford,gmomfordew@networksolutions.com,457 Cordelia Point,2080759515
Alverta,Orknay,Tomsett,atomsettex@icio.us,6103 Michigan Lane,6346288377
Joanie,Wynes,Semble,jsembleey@cnbc.com,95 Tennyson Street,7889884354
Inger,Kew,Cardenas,icardenasez@naver.com,2 Karstens Crossing,4220313974
Hakeem,Moxstead,O'Corrin,hocorrinf0@1und1.de,5 Eagan Alley,0665132751
Liesa,Scarrisbrick,Drew-Clifton,ldrewcliftonf1@goodreads.com,423 Charing Cross Court,4710111804
Jessalin,Swann,Nannini,jnanninif2@com.com,8 Ludington Point,4262004953
Federico,Pumfrey,Tremeer,ftremeerf3@google.nl,1110 Messerschmidt Avenue,7975410276
Emylee,Pesselt,Matyushonok,ematyushonokf4@oracle.com,817 Fieldstone Lane,5780951527
Coretta,Samett,Ormrod,cormrodf5@t-online.de,11250 Waubesa Hill,4498256689
Crosby,Owttrim,Menego,cmenegof6@mozilla.org,99024 Colorado Plaza,5896911602
Vito,McDougal,Layton,vlaytonf7@uol.com.br,96 Manley Road,9770904244
Cinda,Jirusek,Laskey,claskeyf8@dyndns.org,08 Helena Drive,2751411878
Loydie,Worboy,Teodorski,lteodorskif9@cam.ac.uk,26380 Pearson Hill,8007516948
Saxon,McCarthy,Quoit,squoitfa@chronoengine.com,84857 Bashford Road,1792136854
Park,Stannard,Castello,pcastellofb@shareasale.com,79044 Lindbergh Lane,7364502580
Estrellita,Handmore,Brunini,ebruninifc@com.com,195 Spaight Center,9125443917
Toni,Echelle,Pooly,tpoolyfd@washington.edu,2826 Declaration Avenue,4744526446
Agna,Grishankov,Farquhar,afarquharfe@newsvine.com,00899 Sherman Street,8292747656
Donaugh,Jacqueme,Stegers,dstegersff@fda.gov,3343 Brown Place,4147402569
Natassia,Dulin,Greystock,ngreystockfg@reverbnation.com,50 Waubesa Center,0658960946
Peggy,Mainland,Woller,pwollerfh@google.co.uk,1 Cherokee Terrace,2166840981
Court,Scrivner,Brea,cbreafi@nationalgeographic.com,090 Kennedy Junction,7874178580
Rourke,Blenkinsop,Reddihough,rreddihoughfj@theguardian.com,14415 2nd Place,2212352158
Gennifer,Assiter,Whooley,gwhooleyfk@icq.com,282 Dawn Alley,9222078918
Susana,Jephcote,Lardez,slardezfl@amazon.co.jp,53936 Scoville Avenue,2696162174
Norry,Karchewski,Kikke,nkikkefm@si.edu,95242 Judy Circle,6333927368
Quillan,Fellos,Aldrich,qaldrichfn@hhs.gov,26546 Sherman Hill,3257170629
Angie,Rickett,Pearn,apearnfo@clickbank.net,3912 Badeau Plaza,2733107925
Janelle,Saing,Janca,jjancafp@geocities.jp,35460 Aberg Alley,6037290032
Kakalina,Akred,Muro,kmurofq@twitpic.com,81 Melvin Plaza,6695717796
Gian,Paintain,Ridde,griddefr@nsw.gov.au,23517 3rd Crossing,0728128144
Sophie,Andrei,Thormwell,sthormwellfs@arizona.edu,27640 Weeping Birch Circle,6362232682
Amandy,Noller,Sarginson,asarginsonft@unicef.org,71 Warbler Hill,9653941488
Gardie,Bielfelt,Clutten,gcluttenfu@toplist.cz,1 Shoshone Parkway,9139870847
Hewitt,Wadly,Tomaschke,htomaschkefv@sourceforge.net,22139 Summit Circle,0730851168
Henka,Spykins,Melesk,hmeleskfw@php.net,34 Dorton Circle,1886332355
Berthe,Hurll,Densham,bdenshamfx@biblegateway.com,8487 Oak Valley Hill,9719840366
Drusy,Brill,Arunowicz,darunowiczfy@uol.com.br,4031 Jay Drive,8711095539
Nevsa,Armatidge,Pautard,npautardfz@exblog.jp,443 Moulton Junction,6080157985
Shane,Bagwell,Busher,sbusherg0@rakuten.co.jp,5 Coolidge Point,5945368342
Fredelia,Cordelle,Speir,fspeirg1@ihg.com,30 Troy Way,8906597185
Halsey,Fanshawe,Bertot,hbertotg2@myspace.com,7699 Anhalt Terrace,4707810225
Jermain,Thumnel,Esler,jeslerg3@ucoz.com,665 Westport Center,2586874633
Lucita,Potbury,Thunder,lthunderg4@europa.eu,7 Hauk Center,5791153937
Brinn,Coverlyn,Brasse,bbrasseg5@artisteer.com,029 Pawling Lane,3972017871
Elizabet,Scranny,Pearson,epearsong6@webeden.co.uk,1986 Pawling Lane,4737870137
Cari,Sherlock,Featherstone,cfeatherstoneg7@i2i.jp,62954 Dorton Alley,0133423727
Cornie,Angelini,Synnot,csynnotg8@miitbeian.gov.cn,2 Tennyson Street,2868131395
Emmit,Fransson,Sommerscales,esommerscalesg9@symantec.com,511 Merry Drive,3555356372
Kayle,Garrioch,Selby,kselbyga@exblog.jp,942 Prairie Rose Parkway,7046876428
Terry,Dungate,Goodoune,tgoodounegb@fastcompany.com,25 Arkansas Center,5167265959
Roanna,Patershall,MacGrath,rmacgrathgc@theglobeandmail.com,0316 Stephen Way,7894156744
Holt,Sommerly,Trayes,htrayesgd@last.fm,480 Lillian Hill,7933324754
Siusan,Hatwell,MacGillreich,smacgillreichge@msu.edu,12 Talisman Point,1341258467
Hestia,Maddocks,Hourihan,hhourihangf@goo.gl,578 Golf Terrace,2827237067
Marleen,Gillingham,Sotheron,msotherongg@over-blog.com,1057 Union Pass,0326861017
Wiley,Melior,Cleever,wcleevergh@washington.edu,35062 Pleasure Drive,4713879851
Latrena,Sedworth,Benet,lbenetgi@businessinsider.com,8 Milwaukee Parkway,6865407091
Roland,Cheeseman,Kunkel,rkunkelgj@histats.com,24114 Westend Drive,4892411531
Meggi,Preene,Dossit,mdossitgk@opera.com,85 Birchwood Alley,2086843208
Jason,Eshmade,Faucherand,jfaucherandgl@miibeian.gov.cn,30210 Sauthoff Hill,9676584649
Sheba,Wakeham,Peinke,speinkegm@yellowpages.com,11 Dunning Circle,3602723186
Remus,Kleewein,Richley,rrichleygn@netlog.com,330 6th Drive,4557975879
Max,Dusey,Jenteau,mjenteaugo@guardian.co.uk,58 Arkansas Lane,6016722553
Alley,L'Homme,Byway,abywaygp@netlog.com,8340 Mandrake Lane,8819648350
Tudor,Spurdens,Dingivan,tdingivangq@wiley.com,84525 Morrow Hill,8764238172
Starlin,Wildman,Tatlowe,statlowegr@dedecms.com,49 Little Fleur Avenue,1730850944
Melisa,Kirmond,Odgers,modgersgs@cyberchimps.com,96441 Arkansas Avenue,7177386505
Helen-elizabeth,Mault,Yurevich,hyurevichgt@acquirethisname.com,3 Schurz Lane,5134899789
Dud,Dorricott,Kilshall,dkilshallgu@quantcast.com,879 Anhalt Way,1697559247
Ringo,MacNeice,Spadeck,rspadeckgv@google.com,5 Dawn Avenue,3331689866
Meredith,Vye,Godspeede,mgodspeedegw@ask.com,6 North Plaza,1105876101
Rhonda,Cockle,Undrill,rundrillgx@webs.com,4194 Little Fleur Place,3275150537
Opaline,Sinnat,Northedge,onorthedgegy@prweb.com,8 Melvin Plaza,0405372310
Anne-marie,Booty,Felton,afeltongz@netscape.com,73296 Hoepker Center,5341776682
Yevette,Shields,McCrisken,ymccriskenh0@sphinn.com,9 Doe Crossing Place,9037478190
Bibby,Strangeway,McTeggart,bmcteggarth1@fema.gov,4 Linden Circle,8889312793
Noreen,Havenhand,Davie,ndavieh2@icio.us,8 Commercial Street,7503373636
Andie,Stotherfield,Rannells,arannellsh3@spiegel.de,0 Autumn Leaf Terrace,8841739010
Earvin,Calton,Beckerleg,ebeckerlegh4@ifeng.com,715 Monterey Trail,1168795877
Frasco,Rawstron,Weild,fweildh5@cyberchimps.com,143 Straubel Lane,9598683087
Elinor,Beadles,Currey,ecurreyh6@people.com.cn,74 Chinook Hill,3379512915
Portia,Dalgleish,Grummitt,pgrummitth7@cbc.ca,66286 Crescent Oaks Circle,1042180407
Manda,Shawdforth,MacTrusty,mmactrustyh8@harvard.edu,4 Dryden Hill,8790824350
Helge,Filippi,Postan,hpostanh9@storify.com,8007 Goodland Way,8035767119
Lanae,Caselick,Cantrell,lcantrellha@parallels.com,5916 Harper Way,9004361766
Blithe,Copp,Pedlar,bpedlarhb@bbb.org,807 School Pass,4090015723
Gav,Maass,Charette,gcharettehc@examiner.com,64782 Harbort Point,6009210348
Clair,Scarr,Cotterell,ccotterellhd@vistaprint.com,870 Warner Parkway,5971785591
Catha,Brigden,Beney,cbeneyhe@usnews.com,60633 Norway Maple Pass,9857751059
Quinton,Verrier,Bartholomew,qbartholomewhf@paypal.com,0 Haas Plaza,6306609776
Conroy,Adess,Hugin,chuginhg@slate.com,9086 Kingsford Avenue,4937183281
Tildy,Causnett,MacGlory,tmacgloryhh@bing.com,330 Jenna Plaza,4419937483
Orren,Praill,Heading,oheadinghi@blogspot.com,23 Lawn Alley,1663177260
Erek,Awmack,Palay,epalayhj@posterous.com,120 Fisk Terrace,5738816471
Mei,Colquhoun,Benettelli,mbenettellihk@vkontakte.ru,12 Westerfield Avenue,0163728771
Hermina,Inker,Jadczak,hjadczakhl@apache.org,509 Lerdahl Center,7532011712
Electra,Reddle,Andreaccio,eandreacciohm@cocolog-nifty.com,890 Johnson Plaza,8508491697
Carroll,Snoding,Jebb,cjebbhn@ehow.com,3 Acker Circle,0930157486
Belinda,Ornils,Hornung,bhornungho@printfriendly.com,2 Sage Hill,9278444170
Homere,Grevile,Tumpane,htumpanehp@blog.com,126 Boyd Hill,5931183574
Kingsly,Rapsey,Slany,kslanyhq@npr.org,6301 Barnett Lane,6408083196
Nedi,Dymott,Francomb,nfrancombhr@google.co.jp,53508 Sachs Park,6587925677
Bill,Egell,Judgkins,bjudgkinshs@wired.com,7 Lyons Trail,4014327515
Quinn,Reinhardt,Takle,qtakleht@sciencedirect.com,1258 Sommers Plaza,2291967312
Crissy,Claydon,Twitching,ctwitchinghu@ow.ly,7198 Hagan Avenue,9556428283
Terri,Jeandet,Oxenford,toxenfordhv@cargocollective.com,2 Raven Circle,5572964069
Ottilie,Galway,Fawloe,ofawloehw@uiuc.edu,7 Vera Drive,8298730046
Candi,Sketcher,Briatt,cbriatthx@google.co.jp,5418 Sunbrook Plaza,1033174009
Lyn,Polon,Adami,ladamihy@arstechnica.com,2883 Swallow Parkway,9792329846
Shel,Rendall,Gascone,sgasconehz@hhs.gov,9 Toban Alley,8380286588
Kimberlyn,Sadry,Falkingham,kfalkinghami0@vimeo.com,6963 Hanover Street,6558996332
Joey,Hardisty,Botha,jbothai1@ezinearticles.com,4 Eagan Road,4992020828
Mathian,Hargate,MacCleay,mmaccleayi2@constantcontact.com,5 Hoard Drive,0693282096
Row,Leythley,Rattry,rrattryi3@infoseek.co.jp,20035 Veith Point,9442370340
Sib,Bakhrushin,MacArdle,smacardlei4@furl.net,48088 Sherman Pass,7411369497
Bettine,Downey,Filkov,bfilkovi5@a8.net,803 Emmet Park,6353606001
Garrott,Kubyszek,Marchington,gmarchingtoni6@altervista.org,1 Jenna Place,0817209891
Leslie,Kynder,Dore,ldorei7@irs.gov,1 Oriole Plaza,3131788445
Jamey,Amps,Crudginton,jcrudgintoni8@sohu.com,70 Messerschmidt Lane,4680991992
Shani,Alison,Quarrie,squarriei9@pen.io,370 Weeping Birch Drive,6539602286
Gabi,Rolstone,Okie,gokieia@usda.gov,372 Sachtjen Circle,2546736469
Shina,Denial,Tamburo,stamburoib@slideshare.net,9666 Ruskin Place,7997159231
Talyah,Wagenen,Selway,tselwayic@nsw.gov.au,39 Brown Park,4132398390
Hazel,Adam,McElroy,hmcelroyid@clickbank.net,1185 Springview Street,0194597067
Christalle,Vaggers,Chaudrelle,cchaudrelleie@home.pl,73 Fulton Crossing,8398974621
Davy,Hundall,Sutherington,dsutheringtonif@reddit.com,38169 Del Sol Avenue,2961846625
Powell,Bader,Brownbridge,pbrownbridgeig@webeden.co.uk,9463 Dorton Lane,1360663444
Dari,Scad,Commuzzo,dcommuzzoih@rakuten.co.jp,391 Eastwood Road,1228484155
Maximilien,Skirlin,Leith,mleithii@sbwire.com,5838 Magdeline Alley,0880706465
Tedi,Atchly,Lisamore,tlisamoreij@cnbc.com,890 Haas Place,9024070732
Rina,Hallam,Benoiton,rbenoitonik@xing.com,45 Artisan Street,1868760812
Joan,Debold,Ciobotaru,jciobotaruil@parallels.com,89781 Twin Pines Place,1366302745
Issiah,Toun,Greatbanks,igreatbanksim@rambler.ru,06649 Barnett Road,8422835061
Filberto,Pennetta,Awcoate,fawcoatein@theglobeandmail.com,55516 Onsgard Pass,0526425903
Isa,Rosas,Sisse,isisseio@cargocollective.com,261 Heath Way,0296611360
Cosmo,Langtree,Lorinez,clorinezip@google.ca,3 Westerfield Junction,8021549904
Starlin,Dighton,McClenan,smcclenaniq@mediafire.com,7448 Welch Center,5999508525
Katey,Walley,Blazdell,kblazdellir@spotify.com,1 Lake View Avenue,6069110676
Tarrah,O'Mullaney,Zouch,tzouchis@dagondesign.com,1 Sachs Street,7603615836
Kalie,Hourican,Aulton,kaultonit@instagram.com,811 Vahlen Junction,9205225487
Izabel,Hayles,Euesden,ieuesdeniu@github.com,45 Trailsway Way,2789314411
Nerita,Carlill,Shadfourth,nshadfourthiv@sfgate.com,9 Merry Avenue,2705713212
Pauline,Kensitt,Dennehy,pdennehyiw@sina.com.cn,90186 International Parkway,1053315600
Angeline,Canario,Wall,awallix@qq.com,6 Pond Way,8494452991
Guenevere,Bruffell,Tireman,gtiremaniy@earthlink.net,30220 Ludington Pass,8413837332
Iver,Dmitrievski,Windsor,iwindsoriz@jigsy.com,98 Forest Run Pass,3926475668
Marilyn,Beddon,Camoletto,mcamolettoj0@theguardian.com,39882 Mifflin Circle,0019402392
Hulda,Mackison,Tevlin,htevlinj1@mlb.com,6 Kedzie Avenue,1996260308
Larry,Netherwood,Marousek,lmarousekj2@w3.org,02672 Farragut Trail,7830237603
Sileas,Beernt,Crewdson,screwdsonj3@pagesperso-orange.fr,1792 Toban Court,6882366357
Bren,Grocock,Maidment,bmaidmentj4@flickr.com,55266 Jana Alley,2049794061
Ellie,Luten,Sciacovelli,esciacovellij5@redcross.org,1 Kensington Place,2784067165
Consalve,Lanbertoni,Carah,ccarahj6@hostgator.com,6699 Anderson Avenue,4772718281
Cosimo,Phripp,Label,clabelj7@thetimes.co.uk,045 Dakota Crossing,1597339687
Cati,Schleswig-Holstein,Baldwin,cbaldwinj8@bbc.co.uk,93 Canary Avenue,8022835749
Didi,Wemyss,Ellar,dellarj9@wired.com,21475 Talisman Trail,5716614019
Nerty,Skinley,Jeandillou,njeandillouja@twitpic.com,0 Kropf Avenue,9791393834
Efrem,Bosward,Meco,emecojb@hibu.com,02 Del Mar Plaza,8680949086
Leola,De Freyne,Kesley,lkesleyjc@mac.com,3 Roxbury Way,2494505399
Kristel,Skaife,Huleatt,khuleattjd@eventbrite.com,905 Red Cloud Drive,6944518716
Blaine,Skone,Mitro,bmitroje@addthis.com,07 Maple Lane,5221229994
Teresita,Klima,Tutsell,ttutselljf@reddit.com,01821 Sherman Alley,0218232993
Denny,O'Dea,Denisyuk,ddenisyukjg@washingtonpost.com,0 Artisan Parkway,5854008475
Tim,Skitt,Burrells,tburrellsjh@statcounter.com,89 Tennyson Trail,4376758485
Halette,Vigietti,Pietrowski,hpietrowskiji@nytimes.com,56 Hoard Pass,0363171886
Belinda,Staziker,Petrusch,bpetruschjj@nba.com,90766 Village Alley,5881296753
Adella,Lepoidevin,Spinke,aspinkejk@biglobe.ne.jp,2 Oakridge Drive,0201121514
Porter,Chipperfield,Ogglebie,pogglebiejl@macromedia.com,5 Garrison Drive,7873650812
Zacherie,Waddilove,Waber,zwaberjm@fotki.com,1687 Lunder Court,3410554300
Lilyan,Masey,Fanshawe,lfanshawejn@lycos.com,5066 Lillian Court,0747211272
Dreddy,Adie,Prandi,dprandijo@blogtalkradio.com,647 Quincy Hill,2010900162
Ardith,Clawley,Berrane,aberranejp@pcworld.com,925 West Point,7979780256
Guglielmo,Bradick,McCowen,gmccowenjq@ifeng.com,10 Clove Drive,7221494215
Letty,Dellatorre,Klaas,lklaasjr@cocolog-nifty.com,1095 Ilene Alley,2207655563
Caryl,Tordoff,Screeton,cscreetonjs@simplemachines.org,0 Northfield Terrace,6936266010
Luz,Eastgate,Witcomb,lwitcombjt@prnewswire.com,33 Becker Terrace,3650717964
Candi,Codd,Ovett,covettju@moonfruit.com,6835 Village Lane,7331426672
Gale,Proud,Teale,gtealejv@wix.com,7 Esker Crossing,4971619038
Faythe,Davidescu,Tonepohl,ftonepohljw@tumblr.com,720 Mandrake Junction,2799841627
Glenden,Melly,Tipping,gtippingjx@hexun.com,54 Vidon Junction,6390567065
Regan,Brownstein,Geraldo,rgeraldojy@altervista.org,90 Redwing Pass,8775937026
Rivkah,Longega,Aime,raimejz@dropbox.com,53 Kedzie Park,6097380771
Libbey,Middup,Nacci,lnaccik0@fastcompany.com,36100 Manley Court,6301118960
Donnamarie,Nisard,Johann,djohannk1@redcross.org,0202 Hintze Hill,9763087864
Shay,Crampsey,Izchaki,sizchakik2@instagram.com,275 Farragut Place,9809674392
Earvin,Tirrell,Reinert,ereinertk3@timesonline.co.uk,890 1st Parkway,7421316973
Farica,Emmert,Stuchbery,fstuchberyk4@sina.com.cn,1900 Mccormick Crossing,3288830884
Ira,McCowan,Tidbald,itidbaldk5@ning.com,5 Sheridan Alley,9360659495
Nicol,Gillis,Scruton,nscrutonk6@ftc.gov,9709 Green Ridge Road,7748464995
Farrah,Northey,Dwerryhouse,fdwerryhousek7@123-reg.co.uk,8 Westridge Park,9666508567
Imogen,Dennes,Pidduck,ipidduckk8@studiopress.com,3 Harbort Drive,3776845465
Corbet,Extill,Bernardez,cbernardezk9@time.com,77 Macpherson Park,0493986995
Alick,Paris,Wilson,awilsonka@shareasale.com,66790 Basil Way,1792877536
Radcliffe,De Vaar,Carek,rcarekkb@netscape.com,4 Manufacturers Park,1347596445
Jenine,Adolphine,Braddock,jbraddockkc@exblog.jp,90 Mendota Lane,1246723220
Web,Gouny,Redwood,wredwoodkd@networkadvertising.org,955 Golf View Circle,7572706398
Gibbie,Pulley,Werrit,gwerritke@weather.com,198 Melody Court,7103564469
Tod,Stede,St Ledger,tstledgerkf@miibeian.gov.cn,72 Eagle Crest Place,5456269759
Ealasaid,Milmith,Bolstridge,ebolstridgekg@shutterfly.com,12150 Service Park,3714704094
Gaspar,Antao,Dullingham,gdullinghamkh@posterous.com,5 Everett Road,4929836115
Massimo,McPhilip,Inkle,minkleki@skype.com,16370 Hayes Road,7126435797
Brook,Olyfat,Wase,bwasekj@sciencedirect.com,69 Kinsman Street,2678726479
Josi,Chatelot,Aves,javeskk@studiopress.com,665 Sutteridge Parkway,0009738193
Halsy,Gilfillan,Castrillo,hcastrillokl@army.mil,27 Ridgeview Circle,8123260261
Brian,Burker,Schapiro,bschapirokm@angelfire.com,1193 Oriole Park,8312231846
Kaitlyn,Tarpey,Teare,ktearekn@blinklist.com,1 Nobel Terrace,2829252462
Jacky,Yate,Elletson,jelletsonko@oracle.com,4 Stone Corner Plaza,5039666799
Adolphe,Plover,Mushet,amushetkp@twitter.com,64 Dunning Crossing,1535135522
Wilton,Yellowley,Desesquelle,wdesesquellekq@weebly.com,7 Norway Maple Junction,8606172324
Lurline,Freezer,Oggers,loggerskr@earthlink.net,06653 Memorial Plaza,6845420130
Bonnibelle,Trevance,Jacobsohn,bjacobsohnks@lulu.com,00 School Road,7288472205
Thomas,Farry,Ramsbotham,tramsbothamkt@yahoo.co.jp,01 Springs Park,3544936240
Lancelot,Lemmon,Woofinden,lwoofindenku@businessinsider.com,2 Brentwood Lane,2549672909
Christos,Woodwing,Haggus,chagguskv@trellian.com,384 Carpenter Way,8214836778
Fayth,Spearing,Rounce,frouncekw@eventbrite.com,291 Eliot Way,7917945588
Sadie,Brithman,Giacovelli,sgiacovellikx@ovh.net,48 Holy Cross Center,4770740050
Chelsy,Brewse,Chesshyre,cchesshyreky@ycombinator.com,7 Grover Junction,9190568788
Ivette,Van Son,Shearer,ishearerkz@cbslocal.com,321 Derek Park,8499479731
Kizzee,Attle,Braney,kbraneyl0@bizjournals.com,2212 Esch Park,4140065338
Jaquelyn,Saunderson,Berney,jberneyl1@wikia.com,401 Russell Trail,3519172518
Roslyn,Earp,Rubroe,rrubroel2@histats.com,791 Golf Trail,4215612659
Brittne,Lambirth,Gresley,bgresleyl3@upenn.edu,29858 Orin Avenue,8954930824
Susanna,Cottel,Tolussi,stolussil4@fema.gov,2437 Glacier Hill Junction,5829556251
Ches,Romaine,Bernardoni,cbernardonil5@apple.com,23 Debs Center,3154829067
Aaron,Measures,Lunn,alunnl6@unicef.org,447 Northridge Point,8532515428
Anet,Huckel,Footer,afooterl7@mac.com,47625 Mccormick Parkway,3118927003
Fredric,Stares,Dowles,fdowlesl8@telegraph.co.uk,6951 Granby Road,0739060279
Donnell,Muzzlewhite,MacUchadair,dmacuchadairl9@printfriendly.com,9043 Division Point,2683852835
Rodney,Laurenceau,Wynrehame,rwynrehamela@craigslist.org,6012 Mitchell Drive,9284366607
Oliviero,Farre,Hellicar,ohellicarlb@washingtonpost.com,3 Division Street,6352722571
Shannen,Chartman,Le Gassick,slegassicklc@moonfruit.com,6 Dixon Hill,8716518616
Alfonso,Dominguez,Maryman,amarymanld@go.com,44 Tennessee Pass,9912183088
Jessica,Kinig,Huckell,jhuckellle@vinaora.com,97 Glacier Hill Plaza,7577866024
Priscilla,Ruprecht,Hurlin,phurlinlf@topsy.com,932 Portage Pass,9045687453
Claire,Franseco,Devenport,cdevenportlg@goo.ne.jp,396 Talmadge Center,5729054459
Becki,Alvarado,Blagburn,bblagburnlh@yahoo.co.jp,69 Vermont Alley,4374411186
Tedi,Hebbs,Tordiffe,ttordiffeli@csmonitor.com,4927 Hauk Crossing,8201863615
Emilee,Maynard,Clement,eclementlj@domainmarket.com,25 Toban Way,6680174694
Viva,Werndley,Myner,vmynerlk@bloomberg.com,4697 Brickson Park Road,4510973594
Karel,Redwin,Waud,kwaudll@networksolutions.com,3349 Manley Park,3609712511
Davidson,Cawt,Redihalgh,dredihalghlm@cisco.com,256 High Crossing Parkway,2252501154
Rudolfo,Aingel,Beretta,rberettaln@bloomberg.com,31347 Miller Place,6221327830
Willey,Falconer,Simonin,wsimoninlo@bluehost.com,2661 Havey Alley,7304724706
Mela,Symper,Babidge,mbabidgelp@sciencedaily.com,4 Pleasure Avenue,7400294342
Fayre,Hilliam,Pavelin,fpavelinlq@un.org,5364 Vera Terrace,5307678274
Floyd,Chetham,Rides,frideslr@wired.com,87717 Reindahl Way,4672545539
Janessa,Musgrave,Arlt,jarltls@360.cn,93919 Superior Court,8735390697
Mar,Westrip,M'Quharge,mmquhargelt@mit.edu,27 Hooker Point,2482213045
Bryanty,Tupper,Petford,bpetfordlu@ibm.com,44 Eagle Crest Avenue,5270753049
Ula,Creasey,Edelheit,uedelheitlv@usda.gov,001 Hayes Crossing,1693874474
Yul,Lawful,Durbridge,ydurbridgelw@amazon.com,0485 Roth Drive,7313658885
Bonnee,Glowacha,Atthow,batthowlx@walmart.com,47 Eastwood Junction,2327360471
Liane,Maunder,Momery,lmomeryly@java.com,59 Elmside Park,2902766041
Vernon,MacKee,Skayman,vskaymanlz@gov.uk,7580 Moland Trail,8121572231
Rad,Opdenorth,Fortun,rfortunm0@huffingtonpost.com,9679 Continental Center,4562987952
Mina,McHenry,Bakewell,mbakewellm1@cocolog-nifty.com,0 Fisk Center,6711428560
Brent,Lambregts,Pencost,bpencostm2@paypal.com,5478 Towne Circle,7853540523
Jonie,Moraleda,Matchett,jmatchettm3@telegraph.co.uk,0210 Oneill Avenue,5421418545
Farrel,Hartigan,Channer,fchannerm4@plala.or.jp,11 Del Sol Circle,9771258931
Vanni,Norree,Cornwall,vcornwallm5@t-online.de,204 Lukken Circle,3404117603
Dagny,Winn,Iddon,diddonm6@comsenz.com,3 Talisman Way,8363162523
Dirk,Metts,Januszewski,djanuszewskim7@arstechnica.com,66 Glendale Hill,5798399117
Townie,Ludwig,Statton,tstattonm8@w3.org,0167 Muir Street,7648425025
Ainsley,Losano,Dax,adaxm9@google.it,703 Lawn Drive,1726985989
Valentijn,Alexandrescu,Mawson,vmawsonma@senate.gov,006 Dapin Junction,8926333345
Stillmann,Hagyard,Bastard,sbastardmb@bloglovin.com,5 Sutteridge Park,7021934378
Merrili,Gaiter,Leeke,mleekemc@reddit.com,2552 Grasskamp Road,9408771680
Dag,Klimp,Dobrowolny,ddobrowolnymd@sourceforge.net,6 Fulton Pass,5390366921
Ethe,Ambrogiotti,Vasiltsov,evasiltsovme@icio.us,969 Lighthouse Bay Park,5390033078
Felizio,Barthram,Bampton,fbamptonmf@shutterfly.com,6021 Vernon Circle,1348311215
Marcie,Kluge,Chillistone,mchillistonemg@artisteer.com,6 Nevada Way,2083740343
Clemente,Figin,Kisbee,ckisbeemh@amazon.com,99 Veith Court,0522217702
Bud,Tring,Zecchii,bzecchiimi@photobucket.com,82 Heath Point,9039283001
Terrijo,Batisse,Dagworthy,tdagworthymj@biglobe.ne.jp,94814 Melby Alley,3358758257
Joli,Armfirld,Sands-Allan,jsandsallanmk@yellowpages.com,1801 Mallard Place,8670601915
Cyndy,Lardiner,Abrahmson,cabrahmsonml@prlog.org,577 Hovde Crossing,0236285742
Alvie,Dowty,Mion,amionmm@twitpic.com,42 Cordelia Road,8475594522
Sergent,Eglese,Beer,sbeermn@foxnews.com,90505 Parkside Place,6207546792
Cordula,Krystek,Mourbey,cmourbeymo@fastcompany.com,1599 Annamark Street,8630051353
Elora,Asbury,Peace,epeacemp@cpanel.net,30684 North Center,4250291340
Norean,Renney,Alloway,nallowaymq@oaic.gov.au,018 Mosinee Pass,5016636095
Oralee,Mablestone,Godard,ogodardmr@cbc.ca,2 Randy Junction,9324137050
Benton,Beeble,Pinnell,bpinnellms@auda.org.au,265 Fremont Hill,4536922539
Romona,Makeswell,Cuthill,rcuthillmt@stanford.edu,807 Armistice Road,3587938687
Fabe,Kerkham,Matis,fmatismu@1688.com,6912 Maryland Trail,9521595914
Lukas,Pepis,Sharma,lsharmamv@pinterest.com,3306 Cody Place,4521047203
Jordan,Spraging,Crenage,jcrenagemw@networkadvertising.org,210 Logan Circle,8122232310
Fredek,Cardenas,Laydel,flaydelmx@vinaora.com,1 Main Place,5366146437
Sawyer,De Vaar,Figge,sfiggemy@auda.org.au,4 Dennis Alley,0693162821
Myrtie,d'Escoffier,Hovy,mhovymz@cyberchimps.com,8879 Bunker Hill Center,5323060379
Waverley,Barendtsen,Milhench,wmilhenchn0@purevolume.com,99154 Butterfield Park,9344543143
Honor,Brownill,Sawnwy,hsawnwyn1@google.pl,304 Mosinee Center,2723605604
Rich,Bunhill,Armal,rarmaln2@list-manage.com,1 Del Sol Center,9015637962
Katya,Rookes,Cromb,kcrombn3@apple.com,1808 Dahle Parkway,5907631201
Cletis,Botcherby,Espinoy,cespinoyn4@theatlantic.com,55 Northland Street,1191273431
Teresa,Corwin,Terrey,tterreyn5@un.org,46566 Talmadge Hill,9064008817
Carver,Ewart,Quidenham,cquidenhamn6@loc.gov,7 Blackbird Lane,1274466393
Idaline,Drayn,Todd,itoddn7@cpanel.net,48633 Golden Leaf Drive,6864438058
Brandice,Gerardi,Kittman,bkittmann8@nymag.com,1691 Hanover Circle,5285876354
Cybil,Dobing,Coggen,ccoggenn9@nytimes.com,8 Oneill Alley,5970376035
Orly,Piscotti,Cushworth,ocushworthna@usa.gov,90 Kenwood Junction,0127947191
Anders,Noye,Millard,amillardnb@unc.edu,9311 Upham Alley,1463319436
Merrill,Tenpenny,Boggers,mboggersnc@aboutads.info,258 Luster Trail,8691990872
Ogden,Lucus,Cardello,ocardellond@chronoengine.com,987 Morning Circle,3083159722
Carlyn,Hanes,Kerans,ckeransne@ifeng.com,131 Harper Plaza,3666775098
Richy,Parken,Baggot,rbaggotnf@spiegel.de,859 Ohio Pass,3105177574
Damon,Valencia,Caffrey,dcaffreyng@ca.gov,25 Green Circle,8363947490
Amara,Bellany,Kellitt,akellittnh@twitter.com,099 Dovetail Parkway,4634814811
Bartholomeo,Whymark,Derisly,bderislyni@cdc.gov,2 Melody Avenue,6807790589
Lockwood,Jaulmes,Bortolazzi,lbortolazzinj@domainmarket.com,8413 Cherokee Plaza,7307618990
Juliet,Dargan,Massimi,jmassimink@umn.edu,58030 Calypso Road,4333410819
Ulises,Bedinham,Dwelley,udwelleynl@statcounter.com,73 Norway Maple Lane,3677978343
Alfredo,Garcia,Mepsted,amepstednm@ask.com,575 Gale Parkway,8917952488
Peadar,Bamborough,Finlason,pfinlasonnn@booking.com,8 Vahlen Terrace,9386965801
Alphonso,Monaghan,Seawell,aseawellno@wp.com,017 Anthes Junction,8307594154
Mada,Embury,Ripley,mripleynp@thetimes.co.uk,1476 Karstens Park,0893342564
Chrisy,Strettle,Fannin,cfanninnq@chicagotribune.com,00655 Village Pass,9497754590
Claudina,Bussy,Matveyev,cmatveyevnr@trellian.com,65568 Sloan Parkway,9306480598
Stearn,Beefon,Buick,sbuickns@cargocollective.com,282 Thackeray Avenue,2124215051
Hattie,Klejin,McClelland,hmcclellandnt@a8.net,884 Straubel Terrace,9553552986
Lanni,Duferie,Hindenburg,lhindenburgnu@gravatar.com,48 Barby Street,8818254901
Anthia,Matthiesen,Deakes,adeakesnv@free.fr,89792 1st Point,3161772350
Guglielmo,Meeron,Deinert,gdeinertnw@cargocollective.com,86 Dottie Center,1035005417
Chad,Cubley,Kanzler,ckanzlernx@de.vu,209 Village Green Avenue,0391144952
Adaline,Speed,Lumm,alummny@ovh.net,0080 Portage Crossing,1141382814
Salomone,Dugall,Moan,smoannz@prweb.com,02 Comanche Pass,3637402661
Prinz,Willshear,Gaylard,pgaylardo0@delicious.com,6176 Moulton Circle,3203749505
Concettina,Coneybeer,Batistelli,cbatistellio1@facebook.com,2 Clemons Terrace,6963034176
Clyde,Brezlaw,Lawton,clawtono2@naver.com,9 Algoma Parkway,2618178726
Ceil,Strickler,Kiltie,ckiltieo3@walmart.com,1643 Fulton Parkway,2434843719
Yevette,Jakubczyk,Scrivin,yscrivino4@paypal.com,17 Macpherson Center,2344928111
Terri,Leigh,Lob,tlobo5@unblog.fr,7582 Oak Valley Parkway,2454980800
Andrey,Karoly,Raulston,araulstono6@macromedia.com,06318 Ramsey Terrace,4211193546
Noach,Malzard,Berisford,nberisfordo7@edublogs.org,793 Mandrake Circle,2957188783
Reina,Dumbrell,Feedome,rfeedomeo8@ow.ly,7 Center Terrace,0488951089
Germana,Titterell,Boyer,gboyero9@samsung.com,18 Arkansas Way,9324654853
Delia,Horsfield,Heed,dheedoa@adobe.com,0967 Luster Center,4304229788
Annemarie,Sheere,Dummer,adummerob@geocities.com,4907 Northview Junction,0289469163
Mannie,Jenyns,Treble,mtrebleoc@whitehouse.gov,13 Forest Dale Place,8099067592
Ike,Refford,Ferencowicz,iferencowiczod@prlog.org,76246 Riverside Drive,6435018766
Weber,Gonzalvo,Paine,wpaineoe@squarespace.com,4 Forest Run Street,2790968217
Marja,Kuschke,Togwell,mtogwellof@jimdo.com,76098 Hauk Way,1957998407
Elliot,Adamowitz,Kubicki,ekubickiog@xinhuanet.com,07 Hanson Street,8546984603
Morgun,Kimbrey,Fernihough,mfernihoughoh@symantec.com,08425 Union Junction,5709841765
Inga,Kasting,Hattiff,ihattiffoi@xinhuanet.com,90 Algoma Circle,4660027015
Baryram,Breadon,Gravatt,bgravattoj@npr.org,224 Larry Pass,2991709510
Trumann,Juschke,Sprowles,tsprowlesok@nasa.gov,488 Menomonie Place,6455887328
Zed,Spurrier,Peyzer,zpeyzerol@1688.com,65703 Little Fleur Place,1837119384
Josi,Pavinese,Messitt,jmessittom@yellowpages.com,55493 Oneill Hill,1925783510
Phylis,De Freyne,MacTague,pmactagueon@apache.org,2 Sunnyside Avenue,9543946094
Tammy,MacTurlough,MacGorrie,tmacgorrieoo@china.com.cn,34266 Debs Crossing,2267919001
Zed,McGaughey,Tomas,ztomasop@aol.com,78922 Dakota Way,1437293301
Nancy,Gamet,D'Aguanno,ndaguannooq@smh.com.au,24 Sullivan Lane,9643046850
Carmine,Shailer,Malloch,cmallochor@amazonaws.com,49 Heath Circle,3092848020
Kayla,Lamplugh,Authers,kauthersos@moonfruit.com,87834 Elka Parkway,1865278289
Brion,Gerardet,Knowles,bknowlesot@fc2.com,323 Warbler Alley,4107464180
Betsey,Sandilands,Castagnaro,bcastagnaroou@elpais.com,7 Chive Hill,6140001277
Budd,Seczyk,Leaman,bleamanov@cocolog-nifty.com,7 Homewood Trail,8490988803
Torie,Leadbeater,Tinniswood,ttinniswoodow@fotki.com,59736 Rieder Street,7098876372
Kele,Stanbra,Woolmer,kwoolmerox@stanford.edu,6805 Welch Circle,6610586403
Wilona,Steels,Trevains,wtrevainsoy@miitbeian.gov.cn,6 Moulton Lane,3287999877
Gregorius,Arlet,Coker,gcokeroz@livejournal.com,4361 Farwell Alley,2502300029
Alanah,Whitney,Neave,aneavep0@cargocollective.com,73 Prairie Rose Park,6170113871
Malvina,Tothe,Dash,mdashp1@ycombinator.com,86 Forest Dale Trail,3900760993
Dagmar,Bliben,Rottery,drotteryp2@yale.edu,059 Atwood Lane,5296839102
Hyacinth,Revett,Fleote,hfleotep3@sitemeter.com,7566 Sugar Way,7328285745
Alisander,Zoren,Denington,adeningtonp4@reference.com,5 Sundown Crossing,0559342233
Sheree,Logg,Leckie,sleckiep5@phpbb.com,6 Tomscot Circle,8226058112
Daria,Richford,Greetland,dgreetlandp6@flavors.me,5499 Bartillon Road,1640890564
Art,Seemmonds,Shrubshall,ashrubshallp7@imdb.com,29832 High Crossing Lane,0575477148
Cristal,Lycett,Sarle,csarlep8@cyberchimps.com,2726 Myrtle Trail,0348886527
Mordy,Naish,Rey,mreyp9@pinterest.com,83 Schlimgen Hill,6802248867
Alfie,Hearfield,Jankowski,ajankowskipa@google.co.jp,3977 Bonner Place,8946557044
Eddie,Varah,Tallet,etalletpb@netlog.com,6 Anzinger Lane,3228977579
Julianna,Light,Dehm,jdehmpc@usnews.com,0 Dakota Lane,5673594259
Jo,Audley,Menault,jmenaultpd@histats.com,1 Hazelcrest Avenue,2325842932
Donnell,Tremethack,Thresher,dthresherpe@amazon.com,2904 Scoville Court,3779893584
Danya,Tongs,Willcocks,dwillcockspf@nps.gov,90 Gulseth Avenue,4333658233
Nixie,Beller,Boken,nbokenpg@mapy.cz,0821 Dexter Avenue,5130621050
Winnifred,Aspell,Dudenie,wdudenieph@guardian.co.uk,9545 Hanover Road,5355217494
Mary,Wallington,Sailor,msailorpi@blinklist.com,448 Kennedy Crossing,4313744983
Cherlyn,Searston,Wollacott,cwollacottpj@networksolutions.com,551 International Park,5896269471
Kimbra,Gregor,Prangle,kpranglepk@bbc.co.uk,882 Waywood Point,0154663905
Eydie,Wolver,Livock,elivockpl@wiley.com,1104 Stang Point,3073788689
Dagmar,Angelini,Dran,ddranpm@illinois.edu,4 Sherman Hill,7523574408
Whitney,Bere,Wernher,wwernherpn@gnu.org,86 Northridge Road,0258776714
Carlye,Van Halle,Assiter,cassiterpo@usa.gov,5 Stone Corner Point,1701390736
Michal,Tzuker,Marcu,mmarcupp@foxnews.com,11 Fieldstone Lane,6159164317
Delbert,Beadham,Tidman,dtidmanpq@artisteer.com,26003 Main Terrace,1513072935
Jamima,Bauduccio,Jayne,jjaynepr@surveymonkey.com,7282 Barby Park,6834555404
Prudy,Elliss,Sulter,psulterps@webnode.com,75 Alpine Alley,4594935338
Michale,Hawe,Ambroisin,mambroisinpt@state.gov,1050 Michigan Point,4945219885
Brendon,Mowen,Hamlen,bhamlenpu@alibaba.com,74 Pennsylvania Crossing,2973917476
Tiebold,Gulston,Kingscote,tkingscotepv@irs.gov,145 Lerdahl Way,9771674285
Jamison,Wherrit,Colbran,jcolbranpw@hhs.gov,5963 Hoard Junction,6136527154
Rhianna,Pantlin,Howell,rhowellpx@is.gd,88729 Crownhardt Circle,2629178536
Aubrey,Haily,Coffelt,acoffeltpy@bloomberg.com,434 Stone Corner Circle,3370054388
Yevette,Spreull,Simond,ysimondpz@prweb.com,0109 Marcy Junction,1440915911
Kain,Halleybone,Cawthorne,kcawthorneq0@hexun.com,22 Carey Pass,5088274300
Georgy,Smith,Wetwood,gwetwoodq1@nationalgeographic.com,4939 Fuller Road,5264845913
Tana,Buttrick,Haly,thalyq2@lulu.com,0 Old Shore Place,0004872053
Kaylil,Bulluck,Moreno,kmorenoq3@constantcontact.com,429 Amoth Parkway,7184075889
Hillel,Holleran,Cambell,hcambellq4@businessinsider.com,7 Victoria Plaza,4039497082
Astrix,Noteyoung,Cay,acayq5@ask.com,987 Main Center,7504162930
Casie,Sleaford,Whithorn,cwhithornq6@timesonline.co.uk,1967 Nelson Court,2108073248
Cookie,Flatt,Jeavon,cjeavonq7@upenn.edu,2 Dryden Trail,5735639412
Keelia,Benettolo,Belsher,kbelsherq8@google.fr,7 Sugar Point,9172269618
Emmye,Kemmish,Baignard,ebaignardq9@studiopress.com,93445 Beilfuss Street,5151217046
Klement,Loftus,Schober,kschoberqa@addtoany.com,0 Monument Pass,4903040909
Reyna,Alldread,Currier,rcurrierqb@about.me,00 Bobwhite Drive,3902284811
Cobbie,Darbishire,Hustler,chustlerqc@diigo.com,213 Katie Circle,3265342433
Hyacinth,Forsey,Haliburn,hhaliburnqd@yellowbook.com,81 Roth Junction,3668484414
Celine,Kaesmans,Padwick,cpadwickqe@theguardian.com,77638 Farragut Circle,7503262222
Ron,Borsay,Raikes,rraikesqf@oaic.gov.au,5 Onsgard Road,1869182693
Bertie,Gudgion,Perren,bperrenqg@imdb.com,8 Leroy Drive,8294096571
Muire,Spearett,Robke,mrobkeqh@smugmug.com,91967 Schmedeman Alley,6689014436
Bevon,Nardoni,Ringrose,bringroseqi@amazon.co.jp,59 Karstens Road,5198875295
Chick,Cade,Codling,ccodlingqj@bloomberg.com,49423 Hovde Way,0470808292
Sergent,Dorkin,Syrie,ssyrieqk@mail.ru,0556 Bobwhite Street,1760553212
Ranee,McGahey,Allberry,rallberryql@bluehost.com,10620 7th Lane,1591945135
Evyn,Mc Trusty,Crandon,ecrandonqm@admin.ch,23 Arizona Lane,8711231505
Sibilla,Witheridge,Shackesby,sshackesbyqn@ask.com,79 Farwell Alley,3907806492
Cahra,Easdon,Beardwood,cbeardwoodqo@qq.com,3 Thompson Drive,6622234310
Nessie,Parlet,Mongenot,nmongenotqp@google.com.au,714 John Wall Lane,7570088840
Haleigh,Kendle,Duffit,hduffitqq@cbsnews.com,73 Jenna Road,0952026449
Bethina,Kenworth,Landor,blandorqr@shop-pro.jp,70 Sycamore Road,1587003961
Eimile,Lage,Spinola,espinolaqs@tripod.com,35 South Pass,3040831216
Jourdan,Ewbanche,Karpeev,jkarpeevqt@go.com,705 Florence Street,9578239858
Lamont,Strickett,Yuranovev,lyuranovevqu@wordpress.com,336 Larry Junction,8524082860
Oona,Calbert,Ashwell,oashwellqv@ebay.com,52 Fulton Hill,7646723681
Carolee,Brunelleschi,Drinkhall,cdrinkhallqw@slideshare.net,17 Sutherland Way,8760418346
Nina,Speed,Godley,ngodleyqx@huffingtonpost.com,6144 Di Loreto Alley,5271847586
Elka,Briat,Terzi,eterziqy@nsw.gov.au,0760 Loftsgordon Court,6335552299
Abigail,Lammertz,Boldock,aboldockqz@people.com.cn,080 Warrior Parkway,3447760621
Sanders,Castaignet,Disbury,sdisburyr0@google.co.uk,35 Red Cloud Point,4433598518
Kenny,Willmer,Fyfield,kfyfieldr1@scribd.com,03 Banding Junction,7435990450
Aurie,Legg,Troup,atroupr2@qq.com,0351 Pierstorff Court,2050297300
Bobby,Ready,Gettens,bgettensr3@usatoday.com,83160 Mendota Hill,1379750237
Gabriella,Lowdyane,Heisman,gheismanr4@blogtalkradio.com,3719 Ridgeview Park,1930640420
Kilian,Joynes,Troubridge,ktroubridger5@wsj.com,11325 Doe Crossing Drive,2397402645
Baldwin,Ronci,Zuan,bzuanr6@sciencedaily.com,2677 Thierer Way,5033646621
Alasdair,Plumridge,Laughrey,alaughreyr7@marketwatch.com,5510 Toban Lane,0732617162
Kamilah,Drepp,Boughen,kboughenr8@constantcontact.com,9 Vernon Alley,0397662580
Dayna,Mervyn,Durdy,ddurdyr9@homestead.com,7 Kingsford Terrace,5802576359
Tedra,Forsard,Dallosso,tdallossora@slashdot.org,26 Badeau Plaza,1957691298
Kienan,Chillingsworth,Bocock,kbocockrb@ovh.net,5609 Esker Circle,0146602668
Farlie,Di Roberto,Garrood,fgarroodrc@purevolume.com,98 Transport Junction,6954037389
Ronnie,Gwin,Bunner,rbunnerrd@linkedin.com,54 Troy Plaza,8348778780
Artemus,Saenz,Wethered,awetheredre@state.gov,1 Dakota Terrace,3181303488
Giselle,Omand,Tackle,gtacklerf@about.me,624 Hoffman Point,9058231550
Cecile,Drury,Capelle,ccapellerg@oracle.com,4 Kingsford Center,2022818261
Maybelle,Oldam,Aizikowitz,maizikowitzrh@nhs.uk,43 Sullivan Hill,5117273273
Brandon,Donnel,McLachlan,bmclachlanri@techcrunch.com,1 Fuller Road,7156644076
Bonnie,Pattisson,Sumnall,bsumnallrj@blog.com,6451 Tomscot Plaza,2312900041
Humfrey,Cockley,Keating,hkeatingrk@cafepress.com,640 Shelley Road,2090981083
Pietra,Heineke,Erie,perierl@drupal.org,73112 Jenna Alley,6648164808
Dido,Garrattley,Jacobsen,djacobsenrm@narod.ru,93 Northfield Road,0922743436
Brennan,Perocci,Rowen,browenrn@myspace.com,91 South Drive,7836251454
Nanon,Hulcoop,Foro,nfororo@dmoz.org,3 Evergreen Crossing,6955223763
Adan,Denekamp,Lissemore,alissemorerp@alexa.com,560 Ohio Road,2184290211
Roscoe,La Vigne,Lissandrini,rlissandrinirq@indiegogo.com,20427 Dorton Plaza,7415197097
Piper,Bennetts,McIlhagga,pmcilhaggarr@ucoz.ru,56 Dwight Terrace,6265633945
